id,qa_id,question,gold_answer,oracle_answer_raw,oracle_answer_normalized,oracle_em,oracle_f1,latency_sec,output_tokens,status,error
1660,1,جبرگرایی فرهنگی رمانتیسم از نویسندگانی مانند چه کسانی نشأت گرفته بود؟,«گوته»،‌ «فیشته» و «اشلگل»,"گوته، فیشته و اشلگل 
",گوته فیشته و اشلگل,1,1.000000000,2.671974399,12,ok,
1662,3,آلیاژها اساساً ترکیبی از چه چیزی هستند؟,دو یا چند فلز,"دو یا چند فلز 
",دو یا چند فلز,1,1.000000000,1.191576254,7,ok,
1663,4,کوچامو به چه لقبی معروف است؟,یوسمیتی آمریکای جنوبی,"یوسمیتی آمریکای جنوبی 
",یوسمیتی آمریکای جنوبی,1,1.000000000,1.489435225,9,ok,
1664,5,دو پودر خشک پس از مخلوط شدن باید به چه شکلی درآیند؟,توپی,"توپ  
",توپ,0,0.000000000,0.971802106,4,ok,
1665,6,فلسطین در این اختلاف مرزی خواستار مرزبندی بر اساس چه شرایطی است؟,شرایط قبل از جنگ شش‌روزه 1967,"شرایط قبل از جنگ شش‌روزه ۱۹۶۷ 
",شرایط قبل از جنگ شش روزه 1967,1,1.000000000,2.439452074,15,ok,
1666,7,توصیه‌های دولت‌های دیگر برای چه کسانی طراحی شده است؟,شهروندان خودشان,"شهروندان خودشان 
",شهروندان خودشان,1,1.000000000,1.425028031,7,ok,
1667,8,وقتی مدیران شروع به رهبری همکاران سابق خود می‌کنند، یک سر طیف تلاش می‌کند چه چیزی باقی بماند؟,«یکی از رفقا»,"رفیقا 
",رفیقا,0,0.000000000,1.031172788,4,ok,
1668,9,کارت بازی پارک‌های آفریقای جنوبی امکان ورود به چه مکان‌هایی را فراهم می‌کند؟,منتخبی از پارکهای آفریقای جنوبی یا همه پارکهای ملی آفریقای جنوبی,"منتخبی از پارکهای آفریقای جنوبی یا همه پارکهای ملی آفریقای جنوبی 
",منتخبی از پارکهای آفریقای جنوبی یا همه پارکهای ملی آفریقای جنوبی,1,1.000000000,3.366491689,23,ok,
1672,11,داغ شدن بیش از حد پارچه در بدترین حالت چه پیامدی می‌تواند داشته باشد؟,سوختگی,"سوختگی 
",سوختگی,1,1.000000000,0.954744740,5,ok,
1673,12,در دوران جنگ انقلابی، تنها مؤلفه دولت مرکزی ضعیف سیزده ایالت چه بود؟,کنگره,"کنگره 
",کنگره,1,1.000000000,0.988856805,5,ok,
1674,13,در برخی مناطق برای ایمن‌سازی آب، جوشاندن آن چه مدت کافی است؟,یک دقیقه,"یک دقیقه 
",یک دقیقه,1,1.000000000,0.889380472,4,ok,
1676,14,ورود به پارک‌های ملی آفریقای جنوبی مشمول چه چیزی است؟,هزینه,"حفاظت روزانه و ورود 
",حفاظت روزانه و ورود,0,0.000000000,1.460161273,8,ok,
1677,15,کدام حشرات امروزه نمی‌توانند بال‌های خود را به پشت جمع کنند؟,سنجاقک‌ها و پشه‌های یک‌روزه,"سنجاقک‌ها و پشه‌های یک‌روزه 
",سنجاقک ها و پشه های یک روزه,1,1.000000000,2.007876778,15,ok,
1678,16,الیور ساکس نشان داد افرادی که قادر به درک گفتار نیستند، هنوز چه چیزی را می‌توانند به‌طور دقیق ارزیابی کنند؟,خلوص نیت,"خلوص نیت 
",خلوص نیت,1,1.000000000,1.326440727,7,ok,
1679,17,Aerosmith چه چیزی را لغو کرد؟,کنسرت‌های باقی مانده خود,"کنسرت‌های باقی مانده خود را در تور خود 
",کنسرت های باقی مانده خود را در تور خود,0,0.714285714,2.075885708,14,ok,
1680,18,ببر می‌تواند چیزی را با چند برابر نیروی یک انسان قوی بکشد؟,پنج برابر,"پنج برابر 
",پنج برابر,1,1.000000000,0.879729614,5,ok,
1681,19,برای هدایت تحقیقات علمی چه چیزی لازم دانسته شده است؟,آزمایش و یک تجربه,"آزمایش و تجربه  
",آزمایش و تجربه,0,0.857142857,1.136717685,7,ok,
1684,22,آپیا در کدام جزیره قرار دارد؟,اوپولو,"اوپولو 
",اوپولو,1,1.000000000,0.929198259,5,ok,
1685,23,رایج‌ترین قالب عکاسی تصویر ثابت در جهان چه اندازه‌ای است؟,35 میلی متر,"۳۵ میلی متر 
",35 میلی متر,1,1.000000000,1.037922176,6,ok,
1686,24,همکاری سازمانی برای غلبه بر موانع می‌تواند به چه چیزی منتهی شود؟,فرایند جدید خلاقانه‌ای,"فرایند جدید خلاقانه‌ای در جهت تأمین نیازهای مشتری 
",فرایند جدید خلاقانه ای در جهت تأمین نیازهای مشتری,0,0.615384615,2.282040805,17,ok,
1687,25,تفکیک و ترکیب مجدد، اختلاف بین دو استخر را با هر نسل به چه جهتی می‌برد؟,به سمت جلو و عقب,"به سمت جلو و عقب  
",به سمت جلو و عقب,1,1.000000000,1.174895221,7,ok,
1688,26,یکی از کارهای سنتی نیروهای دریایی، مداخله در چه توانایی دشمن بوده است؟,توانایی دشمن‌تان برای جابجایی مردم و کالاهایش,"جابجایی مردم و کالاهایش 
",جابجایی مردم و کالاهایش,0,0.666666667,1.519520724,10,ok,
1689,27,سفر بین کشورهای متعدد اروپا در شرایط عادی مستلزم چه فرایندهایی است؟,فرآیندهای درخواست ویزا و کنترل گذرنامه,"درخواست ویزا و کنترل گذرنامه 
",درخواست ویزا و کنترل گذرنامه,0,0.909090909,1.620852970,11,ok,
1690,28,بر اساس بیانیه، چه چیزی بهتر از لغو اعتبار می‌تواند به منافع ورزشکاران و باشگاه‌ها کمک کند؟,پیشروی و تغییرات معنادار در سازمان ما,"پیشروی و تغییرات معنادار در سازمان 
",پیشروی و تغییرات معنادار در سازمان,0,0.923076923,1.539677584,12,ok,
1691,29,در برخی مسیرها شرکت‌های بزرگ‌تر چه وسیله‌ای در اختیار دارند؟,هواپیما,"هواپیما 
",هواپیما,1,1.000000000,0.974634943,6,ok,
1692,30,بر اساس آژانس هسته‌ای ژاپن، چه مواد رادیواکتیوی در نیروگاه یافت شده است؟,سزیم و ید رادیواکتیو,"سزیم و ید 
",سزیم و ید,0,0.857142857,1.231619728,8,ok,
1694,32,دلایل سپردن کودکان به خانه‌های پرستاری از چه مواردی تا چه مواردی گسترده است؟,غفلت تا تعرض، و حتی اخاذی,"غفلت تا اخاذی 
",غفلت تا اخاذی,0,0.666666667,1.298223190,9,ok,
1695,33,مواد اصلی Pa amb Oli شامل چه چیزهایی است؟,نان با روغن زیتون، گوجه فرنگی,"نان، روغن زیتون، گوجه فرنگی 
",نان روغن زیتون گوجه فرنگی,0,0.909090909,1.720289279,13,ok,
1696,34,واکنش دو ترکیب مورد مطالعه چه نوع موادی تشکیل می‌دهد؟,مواد کریستالی,"مواد کریستالی 
",مواد کریستالی,1,1.000000000,1.034813872,6,ok,
1698,36,تمام مواد از چه ذرات ریزی ساخته شده‌اند؟,اتم,"اتم 
",اتم,1,1.000000000,0.816421891,4,ok,
1699,37,یکی از شاهدان وضعیت بیشکک را با چه واژه‌ای توصیف کرد؟,«اغتشاش»,"اغتشاش  
",اغتشاش,1,1.000000000,0.978449840,5,ok,
1700,38,زیر زمین‌های مرتفع، ضخامت لایه مورد اشاره چگونه است؟,ضخیم‌تر,"ضخیم‌تر 
",ضخیم تر,1,1.000000000,0.945181511,6,ok,
1701,39,به نظر می‌رسد بزها حدود چند سال پیش اهلی شده باشند؟,"10,000 سال پیش","۱۰,۰۰۰  
",10 000,0,0.666666667,1.003729194,6,ok,
1702,40,نیروهای آمریکایی و فرانسه آزاد ظرف چه مدتی جنوب فرانسه را آزاد کردند؟,دو هفته,"دو هفته 
",دو هفته,1,1.000000000,0.856768482,4,ok,
1703,41,شورای موقت انتخاباتی جدید چند عضو داشت؟,نُه عضو,"نُه 
",نه,0,0.666666667,0.991527827,5,ok,
1704,42,این مکان در چه سالی به فهرست میراث‌های جهانی در معرض خطر اضافه شد؟,1990,"۱۹۹۰ 
",1990,1,1.000000000,0.979747488,5,ok,
1705,43,حمله متفقین به جنوب فرانسه در 15 اوت 1940 چه نام داشت؟,«عملیات دراگون»,"عملیات دراگون 
",عملیات دراگون,1,1.000000000,1.234301646,7,ok,
1709,44,این گزارش خواستار چه تغییری در سیاست اجرایی در قبال عراق است؟,تغییر جهت فوری,"تغییر جهت فوری 
",تغییر جهت فوری,1,1.000000000,1.453966730,8,ok,
1712,46,در ساندربانس اکنون حدود چند ببر بنگال سلطنتی تخمین زده شده است؟,400 ببر بنگال سلطنتی,"۴۰۰ 
",400,0,0.400000000,0.774984474,4,ok,
1713,47,درگیری در کدام استان تداوم دارد؟,کیوو شمالی,"کیوو شمالی 
",کیوو شمالی,1,1.000000000,1.007125073,6,ok,
1714,48,چرا دانشمندان از تلسکوپ‌ها در فضا استفاده می‌کنند؟,جو زمین برخی از نورها و تصاویر را تحریف می‌کند,"جو زمین برخی از نورها و تصاویر را تحریف می‌کند. 
",جو زمین برخی از نورها و تصاویر را تحریف می کند,1,1.000000000,2.192933054,15,ok,
1715,49,اطلاعیه‌های عادی مترو تنها به چه زبانی بیان می‌شوند؟,کاتالونیایی,"کاتالونیایی 
",کاتالونیایی,1,1.000000000,0.988610925,6,ok,
1716,50,افسر پلیس گشت بزرگراه کالیفرنیا چند بار به عکاس دستور داد برگردد؟,دو بار,"دو بار 
",دو بار,1,1.000000000,0.758142925,4,ok,
1717,51,جریان بازگشتی به دلیل توپولوژی زیر آب در چه بخش‌هایی تمرکز دارد؟,چند بخش عمیق‌تر,"بخش‌های عمیق‌تر 
",بخش های عمیق تر,0,0.750000000,1.131967914,8,ok,
1718,52,برخی نهادهای مالیاتی کالاهای قدیمی‌تر از چند سال را عتیقه می‌دانند؟,100 سال,"۱۰۰ 
",100,0,0.666666667,0.757890217,4,ok,
1719,53,شرایط آب‌وهوایی سخت چه نوع پدیده‌ای توصیف شده است؟,پدیده آب و هوایی خطرناکی,"پدیده آب و هوایی خطرناک 
",پدیده آب و هوایی خطرناک,0,0.800000000,1.532664037,11,ok,
1720,54,آبمیوه‌ها چگونه توصیف شده‌اند؟,گران‌قیمت ولی عالی,"گران‌قیمت ولی عالی 
",گران قیمت ولی عالی,1,1.000000000,1.122739559,7,ok,
1721,55,ساخت سد در 1963 از چه رخدادی جلوگیری کرد؟,سیل‌های فصلی,"بروز سیل‌های فصلی 
",بروز سیل های فصلی,0,0.857142857,1.360908127,9,ok,
1722,56,کوئومو هنگام شروع فرمانداری چند سال داشت؟,53 ساله,"۵۳ 
",53,0,0.666666667,0.871222882,4,ok,
1723,57,شهرت این بندر به توقف حمله ناوگان در چه سالی مربوط است؟,1889,"۱۸۸۹ 
",1889,1,1.000000000,0.965327113,5,ok,
1724,58,شهرت آن به عنوان مرکز اشرافیت تقریباً تا چه سالی ادامه یافت؟,1100بعد از میلاد مسیح,"حدود سال ۱۱۰۰ بعد از میلاد مسیح 
",حدود سال 1100 بعد از میلاد مسیح,0,0.545454545,1.776340030,13,ok,
1726,59,گردش علمی چه بخشی از هر کلاس درسی دانسته شده است؟,بخش عمده‌ای,"بخش عمده‌ای 
",بخش عمده ای,1,1.000000000,0.932237009,5,ok,
1727,60,کودکان وحشی ممکن است پیش از ترک شدن چه تجربه‌هایی داشته باشند؟,کودک آزاری شدید یا ضربه‌ای عاطفی,"کودک آزاری شدید یا ضربه‌ای عاطفی 
",کودک آزاری شدید یا ضربه ای عاطفی,1,1.000000000,1.897911628,14,ok,
1728,61,آب کلم با توجه به چه ویژگی ماده شیمیایی تغییر رنگ می‌دهد؟,میزان اسیدی یا بازی (قلیایی) بودن ماده شیمیایی,"اسیدی یا بازی قلیایی بودن 
",اسیدی یا بازی قلیایی بودن,0,0.769230769,1.345649416,10,ok,
1729,62,دانش‌آموزان مدرسه بنت هر سال درباره چه چیزی وب‌سایت طراحی می‌کنند؟,سفر خود به پایتخت ایالتی,"سفر خود به پایتخت ایالتی 
",سفر خود به پایتخت ایالتی,1,1.000000000,1.611388448,12,ok,
1730,63,بیشتر اتوبوس‌های مقصد شرق و جاکار/بومتهنگ بین چه ساعت‌هایی حرکت می‌کنند؟,06:30 و 07:30,"06:30 و 07:30  
",06 30 و 07 30,1,1.000000000,1.865830386,14,ok,
1731,64,در این مجمع‌الجزایر و دریاچه‌ها لزوماً به چه وسیله‌ای نیاز ندارید؟,قایق تفریحی,"قایق تفریحی 
",قایق تفریحی,1,1.000000000,1.052777720,7,ok,
1732,65,قرون وسطی در این متن شامل چه قرن‌هایی از تاریخ اروپا است؟,قرن یازدهم، دوازدهم، و سیزدهم,"قرن یازدهم، دوازدهم و سیزدهم 
",قرن یازدهم دوازدهم و سیزدهم,1,1.000000000,1.895213504,15,ok,
1733,66,نخستین توصیه خواستار آغاز ابتکار دیپلماتیک جدید تا چه زمانی بود؟,پیش از پایان سال جاری,"پایان سال جاری 
",پایان سال جاری,0,0.750000000,0.994818051,6,ok,
1734,67,دانشمندان نتیجه گرفتند ماده تاریک چگونه بر ماده تاریک دیگر تأثیر می‌گذارد؟,به شکلی یکسان با ماده معمول,"به شکلی یکسان 
",به شکلی یکسان,0,0.666666667,1.108426623,7,ok,
1735,68,گونه‌های جدید تکامل‌یافته در چند نسل گزارش شدند؟,دو نسل,"دو 
",دو,0,0.666666667,0.688368175,3,ok,
1737,69,گروه‌های بزرگی که شیرها در آن زندگی می‌کنند چه نام دارند؟,گله,"گله 
",گله,1,1.000000000,0.766068039,4,ok,
1739,71,این غار در کدام منطقه نسبت به مکه قرار دارد؟,بالای یکی از کوه‌های شمال مکه,"شمال 
",شمال,0,0.250000000,0.758905932,4,ok,
1740,72,چه چیزی یکی از جالب‌ترین چیزها برای کودکان در این ناحیه است؟,صدای هرم و نمایش نور,"صدای هرم و نمایش نور 
",صدای هرم و نمایش نور,1,1.000000000,1.250765363,9,ok,
1741,73,نواحی بزرگ شمالی از نظر جمعیت چگونه توصیف شده‌اند؟,کاملاً کم جمعیت,"کم جمعیت  
",کم جمعیت,0,0.800000000,0.958192870,4,ok,
1742,74,بسیاری از گردشگران کدام مکان را تمرکز اصلی گردشگری خود در هنگ‌کنگ می‌دانند؟,جزیره هنگ‌کنگ,"جزیره هنگ‌کنگ 
",جزیره هنگ کنگ,1,1.000000000,1.254636603,8,ok,
1743,75,یکی از ایده‌های مشترک در تفسیرهای جبرگرایی فناورانه درباره مسیر توسعه فناوری چیست؟,مسیری فراتر از تأثیر فرهنگی یا سیاسی,"توسعه فناوری به خودی خود مسیری فراتر از تأثیر فرهنگی یا سیاسی را دنبال می کند. 
",توسعه فناوری به خودی خود مسیری فراتر از تأثیر فرهنگی یا سیاسی را دنبال می کند,0,0.608695652,3.005390298,25,ok,
1744,76,با کوچک‌تر شدن عدد روسبی، فعالیت ستاره از نظر وارونگی مغناطیسی چگونه می‌شود؟,کمتر,"کمتری 
",کمتری,0,0.000000000,0.949668006,5,ok,
1745,77,گیاهان در چه محیطی بهترین حالت خود را دارند؟,محیط طبیعی,"محیط طبیعی 
",محیط طبیعی,1,1.000000000,0.932076009,5,ok,
1746,78,گیاهان غذای خود را با چه فرایندی از خورشید تهیه می‌کنند؟,فتوسنتز,"فتوسنتز 
",فتوسنتز,1,1.000000000,0.993694597,6,ok,
1747,79,کشتی‌گیران همکار به چه کسی ادای احترام کردند؟,لونا,"لونا 
",لونا,1,1.000000000,0.689530506,4,ok,
1748,80,خدمه آتش‌نشانی و نجات در چه ساعتی آتش را خاموش کردند؟,11:35 بعدازظهر,"۱۱:۳۵ بعدازظهر 
",11 35 بعدازظهر,1,1.000000000,1.281560654,9,ok,
1749,81,فرانسویان ویشی در سال 1940 چه کاری در برابر آلمانی‌ها انجام دادند؟,با آلمانی‌ها صلح کردند,"با آلمانی‌ها صلح کردند و با آنها همکاری کردند. 
",با آلمانی ها صلح کردند و با آنها همکاری کردند,0,0.666666667,2.077851436,16,ok,
1751,83,برخی محافظه‌کاران مالی این برنامه امدادرسانی و بازسازی را به شوخی چه نامیدند؟,«معامله اورلئان جدید بوش»,"معامله اورلئان جدید بوش 
",معامله اورلئان جدید بوش,1,1.000000000,1.568353530,11,ok,
1752,84,در نتیجه، چند گونه ماهی منقرض شده‌اند؟,دو گونه ماهی,"دو 
",دو,0,0.500000000,0.697910402,3,ok,
1755,86,بمب در کجا منفجر شد؟,بیرون دفتر فرماندار کل,"بیرون دفتر فرماندار کل 
",بیرون دفتر فرماندار کل,1,1.000000000,1.103842601,8,ok,
1756,87,ترامپ اعلام کرد نیروهای ایالات متحده از کدام کشور خارج خواهند شد؟,سوریه,"سوریه 
",سوریه,1,1.000000000,0.793862713,4,ok,
1757,88,تنها چه نوع جهشی می‌تواند به کودکان منتقل شود؟,جهش در سلول‌های مشابه میکروبی,"تنها جهش در سلول‌های مشابه میکروبی 
",تنها جهش در سلول های مشابه میکروبی,0,0.923076923,1.808254294,14,ok,
1759,89,دکتر مالار بالاسوبرامانیان در کجا پیدا شد؟,بلواش اوهایو,"بلواش اوهایو 
",بلواش اوهایو,1,1.000000000,1.215314103,8,ok,
1760,90,موساسور از چه چیزی می‌ترسید؟,سایر موساسورها,"سایر موساسورها 
",سایر موساسورها,1,1.000000000,1.194723124,8,ok,
1762,92,این بیماری از طریق چه چیزی از خوک‌ها به انسان منتقل می‌شود؟,پشه ها,"پشه ها 
",پشه ها,1,1.000000000,0.887623978,5,ok,
1763,93,راه شیری بر کدام کهکشان نیرو وارد می‌کند؟,کهکشان قوس,"کهکشان قوس 
",کهکشان قوس,1,1.000000000,1.103305508,7,ok,
1764,94,مراسم خاکسپاری در کدام میدان برگزار می‌شد؟,میدان سنت پیتر,"میدان سنت پیتر 
",میدان سنت پیتر,1,1.000000000,1.151139833,8,ok,
1765,95,آسانسیون در چه سالی تأسیس شد؟,1537,"۱۵۳۷ 
",1537,1,1.000000000,0.907114432,5,ok,
1766,96,اتم‌هایی با هسته ناپایدار چه تمایلی دارند؟,تمایل به فروپاشی دارند,"تمایل به فروپاشی 
",تمایل به فروپاشی,0,0.857142857,1.211836560,8,ok,
1767,97,چه شرایطی فرصت خوبی برای دیدن شفق قطبی فراهم می‌کند؟,آسمان در طول شبانه‌روز کم و بیش تاریک خواهد بود,"آسمان در طول شبانه‌روز کم و بیش تاریک خواهد بود. 
",آسمان در طول شبانه روز کم و بیش تاریک خواهد بود,1,1.000000000,2.343500225,19,ok,
1768,98,چرا بسیاری از ساختمان‌های حاشیه این مجتمع بازسازی شده‌اند؟,تا به گردشگران در مورد چگونگی ظاهر اصلی آنها، ایده بهتری دهند,"تا به گردشگران در مورد چگونگی ظاهر اصلی آنها ایده بهتری دهند. 
",تا به گردشگران در مورد چگونگی ظاهر اصلی آنها ایده بهتری دهند,1,1.000000000,2.366536076,19,ok,
1769,99,هرم بزرگ به چه منظوری ساخته شده است؟,به منظور احترام به فرعون مرده,"به منظور احترام به فرعون مرده 
",به منظور احترام به فرعون مرده,1,1.000000000,1.549371978,11,ok,
1771,101,بخش‌هایی از جشنواره ممکن است تا چه زمانی به پخش موسیقی ادامه دهند؟,تا آخر شب,"تا آخر شب 
",تا آخر شب,1,1.000000000,0.899248088,5,ok,
1773,103,دوره بیداری در اختلال خواب معمولاً چند دقیقه طول می‌کشد؟,10-60 دقیقه,"10-60 دقیقه 
",10 60 دقیقه,1,1.000000000,1.194404371,8,ok,
1774,104,در جزایر دورتر چه ارزهایی ممکن است پذیرفته شوند؟,ارز بریتانیا و ایالات متحده,"ارز بریتانیا و ایالات متحده 
",ارز بریتانیا و ایالات متحده,1,1.000000000,1.434995145,10,ok,
1775,105,ضبط ویدئویی به کشف چه نوع حرکات بسیار کوتاهی کمک کرد؟,میکرو بیان و حرکات صورت,"حرکات صورت 
",حرکات صورت,0,0.571428571,1.018184303,5,ok,
1777,106,اتاوا پایتخت کدام کشور است؟,کانادا,"کانادا 
",کانادا,1,1.000000000,0.846915481,4,ok,
1778,107,گزارش‌های تلویزیونی چه چیزی را بر فراز کارخانه گزارش کردند؟,دود سفید,"دود سفید 
",دود سفید,1,1.000000000,0.809872661,4,ok,
1779,108,اعلامیه پس از مکالمه تلفنی ترامپ با چه کسی منتشر شد؟,رجب طیب اردوغان,"رجب طیب اردوغان 
",رجب طیب اردوغان,1,1.000000000,1.348847970,9,ok,
1780,109,انرژی کوندالینی از طریق چه روش‌هایی بیدار می‌شود؟,حرکات یوگا، تمرین های تنفسی، مانترا و تجسم,"حرکات یوگا، تمرین های تنفسی، مانترا و تجسم 
",حرکات یوگا تمرین های تنفسی مانترا و تجسم,1,1.000000000,2.282837064,19,ok,
1781,110,در زمینه حیات‌وحش، کدام کشور در متن برجسته شده است؟,ماداگاسکار,"مادگاسکار 
",مادگاسکار,0,0.000000000,1.088674369,7,ok,
1782,111,دوران سه پادشاهی چند سال طول کشید؟,60 سال,"60 سال 
",60 سال,1,1.000000000,0.928290647,5,ok,
1783,112,چه پدیده‌هایی به عنوان نمونه‌های آب‌وهوای شدید منطقه‌ای و فصلی ذکر شده‌اند؟,کولاک، طوفان برف، طوفان یخ و طوفان گرد و غبار,"کولاک، طوفان برف، طوفان یخ و طوفان گرد و غبار 
",کولاک طوفان برف طوفان یخ و طوفان گرد و غبار,1,1.000000000,2.789777412,23,ok,
1784,113,بر اساس حماسه نورس، اریک سرخ هنگام سفر به غرب چه سرزمینی را پیدا کرد؟,گرینلند,"گرینلند 
",گرینلند,1,1.000000000,0.976031521,6,ok,
1785,114,داربست‌سازی برای چه کسانی نقش حمایتی دارد؟,افرادی که در حال دریافت یک تجربه یادگیری جدید,"افرادی که در حال دریافت یک تجربه یادگیری جدید مانند استفاده از یک برنامه جدید کامپیوتری یا شروع یک پروژه جدید هستند. 
",افرادی که در حال دریافت یک تجربه یادگیری جدید مانند استفاده از یک برنامه جدید کامپیوتری یا شروع یک پروژه جدید هستند,0,0.580645161,3.481980988,29,ok,
1786,115,طیف‌سنجی مادون قرمز نشان داد ترکیب بلورها با چه چیزی مطابقت دارد؟,مواردی که در ادرار حیوانات خانگی مبتلا دیده می‌شود,"مواردی که در ادرار حیوانات خانگی مبتلا دیده می‌شود 
",مواردی که در ادرار حیوانات خانگی مبتلا دیده می شود,1,1.000000000,2.154773940,17,ok,
1787,116,وبلاگ‌نویسی دانش‌آموزان را به چه کاری فراتر از برنامه روزانه مدرسه ترغیب می‌کند؟,یادگیری را فراتر از برنامه‌های روزانه سنتی مدرسه گسترش دهند,"یادگیری را فراتر از برنامه‌های روزانه سنتی مدرسه گسترش دهند 
",یادگیری را فراتر از برنامه های روزانه سنتی مدرسه گسترش دهند,1,1.000000000,2.123065047,16,ok,
1788,117,هیأت ژیمناستیک آمریکا بر ترویج چه نوع محیطی برای ورزشکاران تأکید می‌کند؟,محیطی امن,"امن 
",امن,0,0.666666667,0.740367716,3,ok,
1791,120,برای جلوگیری از تغییر شکل مکان، چه کاری نباید انجام شود؟,نقاشی دیواری یا حک کردن روی بناها,"نقاشی دیواری یا حک کردن روی بناها 
",نقاشی دیواری یا حک کردن روی بناها,1,1.000000000,1.462353402,11,ok,
1793,121,اگر کسی به رانندگی در جاده‌های روستایی عادت نداشته باشد، باید مراقب چه ویژگی‌هایی باشد؟,شیب‌های تند، باندهای باریک و پیچ‌های تند,"شیب‌های تند، باندهای باریک و پیچ‌های تند 
",شیب های تند باندهای باریک و پیچ های تند,1,1.000000000,2.216262685,18,ok,
1794,122,تمدن در این متن چگونه تعریف شده است؟,یک فرهنگ واحد,"یک تمدن یک فرهنگ واحد است که توسط گروه بسیار بزرگی از مردم یک جامعه که در کنار هم زندگی و کار می‌کنند رعایت می‌شود. 
",یک تمدن یک فرهنگ واحد است که توسط گروه بسیار بزرگی از مردم یک جامعه که در کنار هم زندگی و کار می کنند رعایت می شود,0,0.200000000,3.486335210,31,ok,
1795,123,از چه سالی صندوق‌های رأی باید شفاف باشند؟,1988,"۱۹۸۸ 
",1988,1,1.000000000,0.881925580,5,ok,
1796,124,این رسوب برای ایجاد چه چیزهایی ضروری است؟,سدهای ساحلی و سواحل,"سدهای ساحلی و سواحل 
",سدهای ساحلی و سواحل,1,1.000000000,1.350530873,10,ok,
1797,125,تقریباً همه مردم از چه چیزی شکایت دارند؟,سیستم حمل‌ونقل,"سیستم حمل‌ونقل 
",سیستم حمل ونقل,1,1.000000000,1.117170333,8,ok,
1800,127,زمان تکمیل پل چه تاریخی اعلام شده است؟,سپتامبر 2017,"سپتامبر ۲۰۱۷ 
",سپتامبر 2017,1,1.000000000,1.029394130,7,ok,
1801,128,خط افق هنگ‌کنگ در متن به چه چیزی تشبیه شده است؟,یک نمودار میله‌ای درخشان,"نمودار میله‌ای درخشان 
",نمودار میله ای درخشان,0,0.888888889,1.536773037,11,ok,
1802,129,اینترنت چه دو نوع ارتباطی را با هم ترکیب می‌کند؟,ارتباط جمعی و بین فردی,"ارتباط جمعی و بین فردی 
",ارتباط جمعی و بین فردی,1,1.000000000,1.288445572,10,ok,
1803,130,رطوبت روی دست با لایه‌های بیرونی چه چیزی تشکیل می‌دهد؟,یک نوع صدف,"صدف 
",صدف,0,0.500000000,0.801954664,4,ok,
1804,131,مطالعات ارجاع‌شده چه گروهی را عامل انتقال ناآگاهانه بیماری به هائیتی معرفی می‌کنند؟,گردان نپالی محافظان صلح سازمان ملل,"گردان نپالی محافظان صلح سازمان ملل 
",گردان نپالی محافظان صلح سازمان ملل,1,1.000000000,1.753644947,14,ok,
1805,132,اتوبوس اسکاترب 403 در کجا توقف می‌کند؟,«کابوداروکا»,"کابوداروکا 
",کابوداروکا,1,1.000000000,1.265907503,7,ok,
1807,134,در مراسم مذهبی اغلب از چه زبانی استفاده می‌شود؟,زبان لاتین,"لاتین 
",لاتین,0,0.666666667,0.763770222,4,ok,
1808,135,پس از دو سال آخر جنگ، چه رویدادی آغاز شد؟,جنگ سرد,"جنگ سرد 
",جنگ سرد,1,1.000000000,0.842288170,5,ok,
1809,136,قرار دادن چه چیزی روی ریل‌بند باعث شد ریل‌ها بهره‌وری بیشتری داشته باشند؟,یک قید آهنی,"قید آهنی 
",قید آهنی,0,0.800000000,1.081930339,7,ok,
1810,137,لایحه امضاشده توسط شوارتزنگر چه چیزی را برای افراد کم‌سن‌وسال ممنوع می‌کرد؟,فروش و اجاره بازی‌های ویدیویی خشن,"فروش و اجاره بازی‌های ویدیویی خشن 
",فروش و اجاره بازی های ویدیویی خشن,1,1.000000000,1.761896526,13,ok,
1812,138,واکسن تجربی ممکن است میزان مرگ‌ومیر کدام بیماری را کاهش دهد؟,ایبولا,"ایبولا 
",ایبولا,1,1.000000000,0.861713978,5,ok,
1813,139,زبان‌های رسمی بارسلونا چه هستند؟,کاتالان و اسپانیایی,"کاتالان و اسپانیایی 
",کاتالان و اسپانیایی,1,1.000000000,1.196936985,8,ok,
1814,140,یون‌های هیدروژن در این متن چگونه تعریف شده‌اند؟,پروتون‌هایی هستند که الکترون از آنها گرفته شده است,"یون‌های هیدروژن پروتون‌هایی هستند که الکترون از آنها گرفته شده است. 
",یون های هیدروژن پروتون هایی هستند که الکترون از آنها گرفته شده است,0,0.869565217,2.553971871,21,ok,
1815,141,بمب شکافت هسته‌ای بر چه قاعده‌ای استوار است؟,سرهم کردن یک هسته با تعداد زیادی پروتون و نوترون انرژی می‌برد,"سرهم کردن یک هسته با تعداد زیادی پروتون و نوترون انرژی می‌برد. 
",سرهم کردن یک هسته با تعداد زیادی پروتون و نوترون انرژی می برد,1,1.000000000,2.602855781,21,ok,
1818,144,برای مسافرانی که به خانه بازمی‌گردند چه دو ویژگی ضروری دانسته شده است؟,صبر و درک شرایط,"صبر و درک شرایط 
",صبر و درک شرایط,1,1.000000000,1.210697519,8,ok,
1819,145,در چین باستان، هر دوره زمانی یا خانواده حاکم چه نامیده می‌شد؟,یک سلسله متمایز,"سلسله 
",سلسله,0,0.500000000,0.873672053,5,ok,
1820,146,امروزه مردم پیام‌های خود را کجا می‌نویسند؟,روی صفحه نمایش رایانه,"صفحه نمایش رایانه 
",صفحه نمایش رایانه,0,0.857142857,1.148146562,7,ok,
1821,147,تحقیق دانشمندان بر ارتباط میان چه دو چیزی تکیه دارد؟,آسیب‌شناسی مغز و رفتار,"آسیب‌شناسی مغز و رفتار 
",آسیب شناسی مغز و رفتار,1,1.000000000,1.415974995,10,ok,
1822,148,بازرگانان اسپانیایی چه نامی به دارالبیضا دادند؟,کازابلانکا,"کازابلانکا 
",کازابلانکا,1,1.000000000,1.056292441,7,ok,
1823,149,جریان ترافیک حرکت چه چیزهایی را بین دو نقطه مطالعه می‌کند؟,رانندگان مستقل و وسایل‌نقلیه,"حرکت رانندگان مستقل و وسایل نقلیه  
",حرکت رانندگان مستقل و وسایل نقلیه,0,0.909090909,1.587651889,12,ok,
1825,150,برای گرفتن محل کمپینگ نزدیک صحنه موسیقی چه باید کرد؟,باید اول وقت برسید,"اول وقت برسید. 
",اول وقت برسید,0,0.857142857,1.095176464,7,ok,
1826,151,گیبسون پس از تصادف به کجا منتقل شد؟,بیمارستان,"بیمارستان 
",بیمارستان,1,1.000000000,0.940752057,6,ok,
1827,152,ضخامت پوسته در سمت دورتر چقدر است؟,100 کیلومتر,"۱۰۰ کیلومتر 
",100 کیلومتر,1,1.000000000,0.880322156,5,ok,
1828,153,جستجوی عبارت «دوره محیطی متخاصم» در اینترنت احتمالاً چه چیزی را نشان می‌دهد؟,آدرس یک شرکت محلی,"آدرس یک شرکت محلی 
",آدرس یک شرکت محلی,1,1.000000000,1.124931375,7,ok,
1829,154,محدودیت مسافران در کشورهای با مالیات سنگین مخصوصاً برای چه محصولاتی می‌تواند صرفه‌جویی ایجاد کند؟,مشروبات الکلی و دخانیات,"مشروبات الکلی و دخانیات 
",مشروبات الکلی و دخانیات,1,1.000000000,1.542587412,11,ok,
1831,155,پارک ملی Plitvice Lakes عمدتاً با چه درختانی پوشیده شده است؟,راش، کاج نوئل و درختان نراد,"راش، کاج نوئل و درختان نراد 
",راش کاج نوئل و درختان نراد,1,1.000000000,2.039771078,15,ok,
1832,156,دو مورد نخست از ورزش‌های رایج ذکرشده کدام‌اند؟,فوتبال، بسکتبال,"فوتبال و بسکتبال 
",فوتبال و بسکتبال,0,0.800000000,1.405059082,9,ok,
1833,157,چهار عنصر مورد نظر ارسطو چه بودند؟,خاک، آب، هوا و آتش,"خاک، آب، هوا و آتش 
",خاک آب هوا و آتش,1,1.000000000,1.420174226,10,ok,
1834,158,بَست بزرگ بانو فاطمه در سراسر جهان به چه چیزی معروف است؟,تجلی مریم,"تجلی مریم 
",تجلی مریم,1,1.000000000,0.995661332,6,ok,
1835,159,چرا هشدار سونامی ابلاغ نشد؟,زمین لرزه با شرط شدت 6.5 ریشتر همخوانی نداشت,"چون زمین لرزه با شرط شدت ۶.۵ ریشتر همخوانی نداشت. 
",چون زمین لرزه با شرط شدت 6 5 ریشتر همخوانی نداشت,0,0.952380952,2.628242427,21,ok,
1836,160,کدام عناصر شیمیایی از روزگار باستان شناخته شده بودند؟,طلا، نقره، و مس,"طلای نقره و مس 
",طلای نقره و مس,0,0.750000000,1.207728268,8,ok,
1837,161,انتقاد لیبرال از بازسازی بر چه چیزی متمرکز بود؟,اعطای قراردادهای بازسازی به خودی‌های واشنگتن,"اعطای قراردادهای بازسازی به خودی‌های واشنگتن 
",اعطای قراردادهای بازسازی به خودی های واشنگتن,1,1.000000000,2.046200123,16,ok,
1838,162,کدام سازه تنها بازمانده عجایب هفتگانه است؟,هرم بزرگ جیزه,"هرم بزرگ جیزه 
",هرم بزرگ جیزه,1,1.000000000,1.106371161,7,ok,
1839,163,در متن توصیه شده مسیر اسکی را مانند چه چیزی در نظر بگیرید؟,مسیر پیاده روی,"مسیر پیاده روی 
",مسیر پیاده روی,1,1.000000000,1.068473608,7,ok,
1840,164,مجموعه‌های مشابه به‌خصوص در کدام کشور ساخته شده‌اند؟,لهستان,"لهستان 
",لهستان,1,1.000000000,0.773322798,4,ok,
1841,165,از داخل غار چه چیزهایی در اطراف دیده می‌شود؟,آسمان صاف و زیبا در بالای سر و کوه‌های فراوان در اطراف,"آسمان صاف و زیبا و کوه‌های فراوان 
",آسمان صاف و زیبا و کوه های فراوان,0,0.761904762,1.869472466,14,ok,
1842,166,محققان استدلال کردند کدام ویژگی پرها احتمالاً دیرتر تکامل یافته است؟,ساقه,"ساقه 
",ساقه,1,1.000000000,0.930997900,5,ok,
1844,167,لایه بیرونی ماه چه نام دارد؟,پوسته,"پوسته 
",پوسته,1,1.000000000,0.770234880,4,ok,
1845,168,پادشاه و ملکه با چه وسیله‌ای به پاریس بازگشتند؟,یک واگن,"واگن 
",واگن,0,0.666666667,0.791354915,4,ok,
1846,169,نسبت ابعاد این فرمت چگونه بیان می‌شود؟,3:2,"3:2 
",3 2,1,1.000000000,0.901722945,5,ok,
1847,170,او با نخست‌وزیر سنگاپور درباره چه موضوعاتی گفتگو کرد؟,تجارت و تروریسم,"تجارت و تروریسم 
",تجارت و تروریسم,1,1.000000000,1.241182052,8,ok,
1848,171,انفجار خودروی بمب‌گذاری‌شده در قاضی‌عنتب چند افسر پلیس را کشت؟,دو افسر پلیس,"دو 
",دو,0,0.500000000,0.687967958,3,ok,
1849,172,فیلم «گنج ملی» ممکن است چه تصور نادرستی درباره اعلامیه استقلال ایجاد کند؟,یک نقشه گنج در پشت اعلامیه استقلال نوشته شده است,"فیلم «گنج ملی» ممکن است تصور کند که یک نقشه گنج در پشت اعلامیه استقلال نوشته شده است. 
",فیلم گنج ملی ممکن است تصور کند که یک نقشه گنج در پشت اعلامیه استقلال نوشته شده است,0,0.714285714,3.390693015,28,ok,
1851,173,جریان‌های شکافنده در چه جهتی حرکت می‌کنند؟,از ساحل به سمت دریا,"از ساحل به سمت دریا 
",از ساحل به سمت دریا,1,1.000000000,1.221000525,8,ok,
1852,174,استفاده مناسب از وبلاگ‌ها می‌تواند دانش‌آموزان را به چه نوع افرادی تبدیل کند؟,فردی تحلیلی‌تر و نقادتر,"تحلیلی‌تر و نقادتر 
",تحلیلی تر و نقادتر,0,0.888888889,1.594287761,10,ok,
1853,175,چه کسی مدت کمی پس از شروع مسابقه کنترل خودروی خود را از دست داد؟,جانکارلو فیزیکلا,"جانکارلو 
",جانکارلو,0,0.666666667,0.913332561,5,ok,
1854,176,خودرو تقریباً در چه ساعتی از صحنه تصادف برده شد؟,ساعت 1200 گرینویچ,"ساعت ۱۲۰۰ گرینویچ 
",ساعت 1200 گرینویچ,1,1.000000000,1.418612025,9,ok,
1855,177,رفتار گروه شیرها در متن به رفتار چه حیواناتی تشبیه شده است؟,گرگ‌ها یا سگ‌ها,"گرگ‌ها یا سگ‌ها 
",گرگ ها یا سگ ها,1,1.000000000,1.305404273,8,ok,
1856,178,فنلاند به چه لقبی اشاره شده است؟,«سرزمین هزار دریاچه»,"سرزمین هزار دریاچه 
",سرزمین هزار دریاچه,1,1.000000000,1.133198763,7,ok,
1858,180,به گفته دنیل لانتان، چه گروهی احتمالاً باعث شیوع بیماری شده‌اند؟,حافظان صلح,"حافظان صلح 
",حافظان صلح,1,1.000000000,1.111965419,7,ok,
1859,181,یکی از بزرگ‌ترین تحولات اواخر قرون وسطی در نتیجه چه رویدادی بود؟,جنگ‌های صلیبی,"جنگ‌های صلیبی 
",جنگ های صلیبی,1,1.000000000,1.204526468,8,ok,
1860,182,از افراد مجروح چند نفر افسر پلیس بودند؟,نوزده نفر,"19 
",19,0,0.000000000,0.784908949,4,ok,
1861,183,تئاتر مخاطبان را به چه کاری تشویق می‌کند؟,ملحق شدن به آنها,"ملحق شدن به نوازندگان 
",ملحق شدن به نوازندگان,0,0.750000000,1.344705972,9,ok,
1862,184,سیستم NextGen طبق ادعای FAA چه چیزی را کاهش می‌دهد؟,آلاینده‌های کربنی,"آلاینده‌های کربنی 
",آلاینده های کربنی,1,1.000000000,1.274721736,8,ok,
1863,185,در مرکز مراقبه تبت، کانال‌های انرژی از طریق چه کاری پاک می‌شوند؟,تجسم خدایان مختلف,"تجسم خدایان مختلف 
",تجسم خدایان مختلف,1,1.000000000,1.130869306,7,ok,
1864,186,خانم کیرشنر قصد نامزدی ریاست‌جمهوری خود را در کجا اعلام کرد؟,تئاتر آرژانتین,"تئاتر آرژانتین 
",تئاتر آرژانتین,1,1.000000000,1.374739913,9,ok,
1865,187,مسافران کروز در سن‌پترزبورگ از چه الزامی معاف هستند؟,الزامات ویزا,"الزامات ویزا 
",الزامات ویزا,1,1.000000000,1.146313753,7,ok,
1866,188,چکمه‌های موتورسواران معمولاً چه ویژگی‌ای در قسمت پاشنه دارند؟,پاشنه دارد,"پاشنه دار 
",پاشنه دار,0,0.500000000,1.028665745,6,ok,
1867,189,گیاهان چه گازی را که انسان بازدم می‌کند دریافت می‌کنند؟,دی اکسید کربنی,"دی اکسید کربن 
",دی اکسید کربن,0,0.666666667,1.142864889,7,ok,
1869,191,آرواره‌های این جانور بیش از چند دندان داشت؟,70 دندان,"70 
",70,0,0.666666667,0.812469034,4,ok,
1871,193,در چه نوع آب‌وهوایی خانه اهمیت زیادی نداشت؟,آب و هوای گرم خاورمیانه,"آب و هوای گرم خاورمیانه 
",آب و هوای گرم خاورمیانه,1,1.000000000,1.416413013,10,ok,
1873,194,در مواجهه با مردان مزاحم چه رفتاری توصیه شده است؟,قاطع باشید و بدون ترس مقاومت کنید,"در مأیوس کردن مردها قاطع باشید و بدون ترس مقاومت کنید. 

",در مأیوس کردن مردها قاطع باشید و بدون ترس مقاومت کنید,0,0.777777778,2.620961024,21,ok,
1874,195,برخی افراد باور داشتند چه اجرامی به دور زمین می‌چرخند؟,منظومه شمسی از جمله خورشید (و حتی دیگر ستاره‌ها),"منظومه شمسی از جمله خورشید و دیگر ستاره‌ها 
",منظومه شمسی از جمله خورشید و دیگر ستاره ها,0,0.947368421,2.042413953,15,ok,
1875,196,چه درصدی از آب رودخانه‌های زمین که به اقیانوس‌ها می‌ریزد از آمازون می‌آید؟,بیست درصد کامل,"20% 
",20,0,0.000000000,0.936880628,5,ok,
1876,197,اداره مدیریت اورژانسی جزایر ماریانای شمالی گفت چه چیزی گزارش نشده است؟,هیچ خسارتی,"خسارت 
",خسارت,0,0.000000000,0.954886419,5,ok,
1877,198,کریستینا فرناندز د کیرشنر نامزدی ریاست‌جمهوری خود را در کدام شهر اعلام کرد؟,لا پلاتا,"لا پلاتا 
",لا پلاتا,1,1.000000000,1.018953970,6,ok,
1878,199,قدرت مرکزی کلیسا برای بیش از هزار سال در کجا بوده است؟,روم,"روم 
",روم,1,1.000000000,0.761889986,3,ok,
1880,201,وقتی مداد بیرون آمد، برای بسیاری از افراد به چه چیزی تبدیل شد؟,دوست خوبی,"دوست 
",دوست,0,0.666666667,0.651737141,3,ok,
1881,202,اشتراک‌گذاری یک گردش علمی چه کمکی به کلاس‌های بعدی می‌کند؟,به اشتراک گذاشتن تجربیات با کلاس‌های بعدی,"تجربیات سفر را به اشتراک گذاشتن با کلاس‌های بعدی. 
",تجربیات سفر را به اشتراک گذاشتن با کلاس های بعدی,0,0.888888889,2.169050543,17,ok,
1882,203,دانشمندان امیدوارند به چگونگی تشکیل چه چیزی پی ببرند؟,سیارات,"سیارات 
",سیارات,1,1.000000000,0.799797119,4,ok,
1883,204,فاصله عمودی زیر برج چقدر است؟,15 متر,"۱۵ متر 
",15 متر,1,1.000000000,0.864165634,4,ok,
1884,205,با تفسیر صحیح عبارات کوچک، طبق ادعا چه چیزی قابل تشخیص است؟,فرد دروغ می‌گوید,"فرد دروغ می‌گوید. 
",فرد دروغ می گوید,1,1.000000000,1.369936267,7,ok,
1887,207,لیگینز در اوقات فراغتش روی چه موضوعی تحقیق می‌کرد؟,زایمان زودرس,"زایمان زودرس 
",زایمان زودرس,1,1.000000000,1.279510295,6,ok,
1888,208,شوک بازگشت به وطن نسبت به شوک فرهنگی چه مدت طول می‌کشد؟,بیشتر طول می‌کشد,"بیشتر از فاز ماه عسل و کمتر از شوک فرهنگی. 
",بیشتر از فاز ماه عسل و کمتر از شوک فرهنگی,0,0.142857143,2.428925186,14,ok,
1889,209,چرخ چه وسایل حمل‌ونقلی را برای ما به ارمغان آورده است؟,قطار، ماشین و بسیاری از وسایل حمل و نقل دیگر,"قطار، ماشین 
",قطار ماشین,0,0.333333333,1.257389197,6,ok,
1890,210,تلسکوپ‌های تحقیقاتی مدرن معمولاً در چه مکان‌هایی قرار دارند؟,نواحی دوردست با شرایط جوی مطلوب,"نواحی دوردست با شرایط جوی مطلوب 
",نواحی دوردست با شرایط جوی مطلوب,1,1.000000000,2.176214823,15,ok,
1891,211,چه کسی لاکا سینگ را همراهی می‌کرد؟,راجو خاندلوال,"چپا هاگ باجان 
",چپا هاگ باجان,0,0.000000000,1.501897529,8,ok,
1893,213,سونداربانس چند کیلومتر امتداد دارد؟,80 کیلومتر,"80 کیلومتر 
",80 کیلومتر,1,1.000000000,1.049078498,5,ok,
1894,214,کاری معمولاً با چه موادی تهیه می‌شود؟,گیاهان و ادویه‌ها، همراه با گوشت یا سبزیجات,"گیاهان، ادویه‌ها، گوشت یا سبزیجات 
",گیاهان ادویه ها گوشت یا سبزیجات,0,0.800000000,2.458461342,15,ok,
1895,215,با تنزل دانش یونان، غرب ارتباط خود را با چه ریشه‌هایی از دست داد؟,ریشه‌های علمی و فلسفی یونانی‌اش,"ریشه‌های علمی و فلسفی یونانی 
",ریشه های علمی و فلسفی یونانی,0,0.923076923,1.737703401,11,ok,
1896,216,هدف مشترک هیأت ژیمناستیک آمریکا و USOC چیست؟,امن نمودن ورزش ژیمناستیک و سایر ورزش‌ها تا حد ممکن,"امن نمودن ورزش ژیمناستیک و سایر ورزش‌ها تا حد ممکن تا رؤیاهای خود را در محیطی امن مثبت و توانمند دنبال کنند. 
",امن نمودن ورزش ژیمناستیک و سایر ورزش ها تا حد ممکن تا رؤیاهای خود را در محیطی امن مثبت و توانمند دنبال کنند,0,0.647058824,4.302333122,35,ok,
1898,218,ولز ابتدا ادعا کرد حذف هنر به چه دلیلی بوده است؟,دلایل قانونی,"دلایل قانونی 
",دلایل قانونی,1,1.000000000,1.088221471,6,ok,
1899,219,محمد برای تأمل به چه غاری می‌رفت؟,«حرا»,"غار حرا 
",غار حرا,0,0.666666667,1.072838308,6,ok,
1901,221,هوش مصنوعی شاخه‌ای از چه حوزه‌ای است؟,علوم رایانه‌ای,"علوم رایانه‌ای 
",علوم رایانه ای,1,1.000000000,1.158132238,7,ok,
1902,222,او ابتدا در کدام بیمارستان بستری بود؟,بیمارستان جیمز پاژه,"بیمارستان جیمز پاژه 
",بیمارستان جیمز پاژه,1,1.000000000,1.592693710,11,ok,
1903,223,استفاده مؤثر از همه منابع موجود در واحدهای عملیاتی می‌تواند به چه چیزی منجر شود؟,خلاقیت و نبوغ,"خلاقیت و نبوغ 
",خلاقیت و نبوغ,1,1.000000000,1.440605626,9,ok,
1904,224,سبک‌ها در غرب ممکن است چند سال عقب‌تر باشند؟,25 تا 30 سال,"۲۵ تا ۳۰ سال  
",25 تا 30 سال,1,1.000000000,1.209222112,7,ok,
1905,225,زبان محلی پایتخت مولداوی چیست؟,رومانیایی,"رومانیایی 
",رومانیایی,1,1.000000000,0.979856691,5,ok,
1907,226,انگلیس پس از وقوع خصومت چه اقدامی علیه آلمان آغاز کرد؟,محاصره دریایی آلمان,"محاصره دریایی آلمان 
",محاصره دریایی آلمان,1,1.000000000,1.299075419,8,ok,
1909,228,تیم‌های مجازی از نظر معیارهای تعالی با چه تیم‌هایی مقایسه شده‌اند؟,تیم‌های معمولی,"تیم‌های معمولی 
",تیم های معمولی,1,1.000000000,1.236008060,7,ok,
1910,229,پاریسی‌ها به چه ویژگی‌هایی شهره هستند؟,خودپسندی، بی‌ادبی و تکبر,"خودپسندی بی‌ادبی و تکبر 
",خودپسندی بی ادبی و تکبر,1,1.000000000,1.621497196,11,ok,
1911,230,داشتن ویزای شینگن چه نیازی را از بین می‌برد؟,درخواست ویزا برای هر یک از کشورهای عضو شینگن به طور جداگانه,"نیاز به درخواست ویزا برای هر یک از کشورهای عضو شینگن به طور جداگانه 
",نیاز به درخواست ویزا برای هر یک از کشورهای عضو شینگن به طور جداگانه,0,0.923076923,3.204980693,21,ok,
1912,231,بیشتر جزایر کوچک‌تر به چه چیزی شناخته می‌شوند؟,سواحل تفریحی لوکس,"سواحل تفریحی لوکس 
",سواحل تفریحی لوکس,1,1.000000000,1.660359706,10,ok,
1913,232,غرش ببر بیشتر شبیه چه چیزی توصیف شده است؟,جمله ای از کلمات غرولندی,"جمله ای از کلمات غرولندی 
",جمله ای از کلمات غرولندی,1,1.000000000,1.740095101,11,ok,
1914,233,تحقیقات قرن بیستم چند منبع تغییرات ژنتیکی معرفی کرد؟,دو منبع,"دو 
",دو,0,0.666666667,0.727958186,3,ok,
1915,234,قیمت معمول محلی یک سواری کوتاه با تاکسی موتوری در گوما چقدر است؟,500 فرانک کنگو,"500 فرانک کنگو 
",500 فرانک کنگو,1,1.000000000,1.339146804,9,ok,
1916,235,کیک‌های پرطرفدار آلمانی اغلب با چه نوشیدنی‌ای سرو می‌شوند؟,فنجانی از قهوه غلیظ,"فنجانی از قهوه غلیظ 
",فنجانی از قهوه غلیظ,1,1.000000000,1.535490181,10,ok,
1918,237,بخش جنگلی سانداربنس در قلمرو هند چه نام دارد؟,پارک جنگلی سانداربنس,"پارک جنگلی سانداربنس 
",پارک جنگلی سانداربنس,1,1.000000000,1.587253873,10,ok,
1919,238,این شهر پایگاهی برای صعود از کدام آتشفشان است؟,نیراگونگو,"نیراگونگو 
",نیراگونگو,1,1.000000000,1.121082909,6,ok,
1921,240,در بسیاری از کشورها چه شرایطی باعث می‌شود عبور و مرور بیشتر سال بدون وقفه ادامه یابد؟,شرایط یخ و برف,"شرایط یخ و برف 
",شرایط یخ و برف,1,1.000000000,1.232863280,7,ok,
1922,241,این سنت ممکن است پیش از مسیحیت چه نوع جشنی بوده باشد؟,جشنی برای بهار و حاصلخیزی,"جشنی برای بهار و حاصلخیزی 
",جشنی برای بهار و حاصلخیزی,1,1.000000000,2.001977661,11,ok,
1923,242,محاصره با قطع چه نوع منابعی به عنوان استراتژی اثربخش شناخته شد؟,منابع حیاتی نظامی و غیرنظامی,"حیاتی نظامی و غیرنظامی 
",حیاتی نظامی و غیرنظامی,0,0.888888889,1.818967056,10,ok,
1924,243,چند نفر از 117 اسکی‌باز مارپیچ بزرگ نتوانستند در مسابقه رتبه کسب کنند؟,45 نفر,"45 نفر 
",45 نفر,1,1.000000000,1.050551212,5,ok,
1925,244,این برنامه برای شبیه‌سازی مشاهدات کدام کهکشان نوشته شده بود؟,کهکشان قوس,"کهکشان قوس 
",کهکشان قوس,1,1.000000000,1.354051162,7,ok,
1926,245,نظرات چه کسی درباره مسائل علمی، از جمله روانشناسی، پذیرفته شد؟,ارسطو,"ارستو 
",ارستو,0,0.000000000,0.958946991,5,ok,
1927,246,رویکرد تسلسل برای کمک به سازمان‌ها در رسیدن به چه چیزی استفاده می‌شود؟,سطح عملکرد بالاتر,"سطح عملکرد بالاتر 
",سطح عملکرد بالاتر,1,1.000000000,1.179499358,6,ok,
1928,247,تا سال 1976 چند درصد ماچو پیچو بازسازی شده بود؟,سی درصد,"30% 
",30,0,0.000000000,1.007162456,5,ok,
1929,248,دل پوترو پس از رسیدن به برابری 6-6 به چه چیزی نیاز داشت؟,تساوی‌شکنی,"تساوی‌شکنی 
",تساوی شکنی,1,1.000000000,1.448322075,8,ok,
1930,249,شش گروگان آزادشده شامل چه گروه‌هایی بودند؟,كودكان و سالمندان، همینطور عكاسان فیلیپینی,"کودکان و سالمندان و عکاسان فیلیپینی 
",کودکان و سالمندان و عکاسان فیلیپینی,0,0.833333333,2.322144001,16,ok,
1931,250,کشتی‌هایی که از این خدمات استفاده می‌کنند چه نوع الزامات ارتباطی دارند؟,داده‌ها و الزامات صوتی راه دور,"داده‌ها و الزامات صوتی راه دور 
",داده ها و الزامات صوتی راه دور,1,1.000000000,1.774935611,13,ok,
1932,251,حدود یک دقیقه پس از شروع باد، سرعت آن به چه مقدار می‌رسد؟,70 کیلومتر در ساعت,"70 کیلومتر در ساعت 
",70 کیلومتر در ساعت,1,1.000000000,1.148995619,7,ok,
1933,252,گربه‌های کوچک چه نوع طعمه‌هایی را می‌خورند؟,حشرات، جوندگان، مارمولک‌ها و پرندگان,"حشرات، جوندگان، مارمولک‌ها و پرندگان 
",حشرات جوندگان مارمولک ها و پرندگان,1,1.000000000,2.127407282,16,ok,
1934,253,داستان صدا و نور به چه چیزی تشبیه شده است؟,یک کتاب داستان,"کتاب داستان 
",کتاب داستان,0,0.800000000,0.798915831,4,ok,
1935,254,چه چیزی پشت سند نوشته نشده است؟,نقشه گنج,"نقشه گنج 
",نقشه گنج,1,1.000000000,0.954801756,6,ok,
1936,255,پری اعلام کرد در انتخابات مقدماتی کدام ایالت رقابت خواهد کرد؟,کارولینای جنوبی,"کارولینای جنوبی 
",کارولینای جنوبی,1,1.000000000,1.197811095,7,ok,
1937,256,بیش از چند سرباز ارتش سرخ اتحاد جماهیر شوروی وارد نواحی شرقی لهستان شدند؟,800 هزار سرباز,"800 هزار 
",800 هزار,0,0.800000000,1.132992798,6,ok,
1938,257,بیمارستان برای کنترل عفونت چه اقدامی درباره بیمار انجام داد؟,جدا کردن بیمار از سایرین,"جدا کردن بیمار از سایرین 
",جدا کردن بیمار از سایرین,1,1.000000000,1.355814640,9,ok,
1939,258,پس از انقلاب، مشاغل به روی چه گروهی باز بود؟,همه متقاضیان مرد,"همه متقاضیان مرد 
",همه متقاضیان مرد,1,1.000000000,1.281927627,8,ok,
1941,260,این زوج‌ها برای نوزادشان چه طرحی می‌توانند ترتیب دهند؟,طرح فرزندخواندگی,"طرح فرزندخواندگی 
",طرح فرزندخواندگی,1,1.000000000,1.067159222,7,ok,
1942,261,ما خانه‌ها و پوشاک خود را از چه چیزی می‌سازیم؟,گیاهان,"گیاهان 
",گیاهان,1,1.000000000,0.905260672,5,ok,
1943,262,هر شخص توانایی پیدا کردن چه چیزی را دارد؟,صلح و رضایت مطلق,"صلح و رضایت مطلق 
",صلح و رضایت مطلق,1,1.000000000,1.358123970,9,ok,
1944,263,شنا کردن در این سواحل چگونه توصیف شده است؟,بی خطر,"بی خطر 
",بی خطر,1,1.000000000,0.863091509,4,ok,
1945,264,در کازابلانکا چه چیزی از کم‌جذاب‌ترین موارد معرفی شده است؟,مکان‌های خرید آن,"مکان‌های خرید 
",مکان های خرید,0,0.857142857,1.059025403,6,ok,
1946,265,سیاست‌های لغو مبتنی بر کرونا طبق متن تا چه زمانی ادامه نخواهند داشت؟,ژوئیه 2020,"ژوئیه ۲۰۲۰ 
",ژوئیه 2020,1,1.000000000,1.203686831,7,ok,
1947,266,هائیتی از چه دهه‌ای پیش از رسیدن نیروها با این بیماری مشکل نداشت؟,دهه 1800,"۱۸۰۰ 
",1800,0,0.666666667,0.866387908,4,ok,
1948,267,سه پادشاهی یکی از خونین‌ترین دوران تاریخ کدام کشور باستانی بود؟,چین باستان,"چین 
",چین,0,0.666666667,0.714091661,3,ok,
1950,269,کدام شهر پس از توصیف لرد بایرون برای خارجی‌ها مشهور شد؟,سینترا,"سینترا 
",سینترا,1,1.000000000,0.846264427,4,ok,
1951,270,گوما در سال 2002 توسط گدازه‌های کدام آتشفشان تخریب شد؟,نیراگونگو,"نیراگونگو 
",نیراگونگو,1,1.000000000,1.015246369,6,ok,
1952,271,رانندگان در عرض‌های جغرافیایی بالا باید احتمال چه شرایطی را در نظر بگیرند؟,برف، یخ یا دمای انجماد,"برف یخ یا دمای انجماد 
",برف یخ یا دمای انجماد,1,1.000000000,1.551857514,11,ok,
1953,272,او به کدام بیمارستان در کمبریج منتقل شد؟,بیمارستان ادن بروک کمبریج,"بیمارستان ادن بروک کمبریج 
",بیمارستان ادن بروک کمبریج,1,1.000000000,1.838020665,13,ok,
1955,274,سیستم عصبی مرکزی از چه بخش‌هایی تشکیل شده است؟,مغز، نخاع و عصب بینایی,"مغز، نخاع و عصب بینایی 
",مغز نخاع و عصب بینایی,1,1.000000000,1.818053225,13,ok,
1956,275,کارآمدترین راه برای جابجایی تعداد زیادی افراد و کالا از میان اقیانوس چیست؟,استفاده از کشتی‌ها,"استفاده از کشتی‌ها 
",استفاده از کشتی ها,1,1.000000000,1.108182220,6,ok,
1957,276,او شایعات را با چه عبارتی توصیف کرد؟,«حماقت و حرف مفت سیاسی»,"حماقت و حرف مفت سیاسی 
",حماقت و حرف مفت سیاسی,1,1.000000000,1.404568992,9,ok,
1958,277,این شهر بیشتر چه نوع خصایصی دارد؟,خصایص عربی,"عربی 
",عربی,0,0.666666667,0.875520294,4,ok,
1959,278,در کنار گوش دادن به مسئولان، چه کاری درباره علائم توصیه شده است؟,از علائم پیروی کنید,"پیروی از علائم 
",پیروی از علائم,0,0.857142857,1.170867514,7,ok,
1960,279,بیبر گفت فکر و ذکرش با چه کسانی است؟,خانواده این قربانی,"خانواده قربانی 
",خانواده قربانی,0,0.800000000,0.982730875,6,ok,
1961,280,برای توضیح اهمیت جامعه‌پذیری معمولاً از چه نوع مواردی استفاده می‌شود؟,موارد تأسف‌بار کودکانی,"موارد تأسف‌بار کودکانی که در جریان رشد بخاطر غفلت بداقبالی یا تعرض عمدی از بزرگسالان جامعه‌پذیری را یاد نگرفتند. 
",موارد تأسف بار کودکانی که در جریان رشد بخاطر غفلت بداقبالی یا تعرض عمدی از بزرگسالان جامعه پذیری را یاد نگرفتند,0,0.320000000,4.781280052,43,ok,
1963,281,اتو زدن لباس‌های مرطوب چه کمکی می‌کند؟,به خشک کردن آنها کمک کند,"خشک کردن آنها 
",خشک کردن آنها,0,0.666666667,0.962849550,6,ok,
1964,282,قدیمی‌ترین نسخه‌های بازمانده از این سند چه نام دارند؟,پهنه دانلاپ 25,"پهنه دانلاپ ۲۵ 
",پهنه دانلاپ 25,1,1.000000000,1.168944882,8,ok,
1966,284,این کمیسیون در پاسخ به چه چیزی ایجاد شد؟,اعتراضات گسترده ضدحکومتی,"اعتراضات گسترده ضدحکومتی 
",اعتراضات گسترده ضدحکومتی,1,1.000000000,1.686116210,12,ok,
1967,285,لیتون خواستار چه نوع تغییری در لایحه زیست‌محیطی شد؟,«بازنویسی تمام و کمال»,"بازنویسی تمام و کمال لایحه زیست محیطی حزب محافظه کار 
",بازنویسی تمام و کمال لایحه زیست محیطی حزب محافظه کار,0,0.571428571,2.710662231,20,ok,
1968,286,بازدید از برلین در چه چیزی گنجانده نشده است؟,هزینه کروز,"هزینه کروز 
",هزینه کروز,1,1.000000000,1.150524712,6,ok,
1970,288,غذای این جانور شامل چه چیزهایی بود؟,لاک‌پشت‌ها، ماهی‌های بزرگ و سایر موساسورها,"لاک‌پشت‌ها، ماهی‌های بزرگ و سایر موساسورها 
",لاک پشت ها ماهی های بزرگ و سایر موساسورها,1,1.000000000,2.296812030,16,ok,
1971,289,دو مورد نخست از اشکال هوای شدید ذکرشده کدام‌اند؟,وزش باد شدید، تگرگ,"وزش باد شدید و تگرگ بارندگی 
",وزش باد شدید و تگرگ بارندگی,0,0.800000000,1.656054406,11,ok,
1973,291,در مناطق حاره‌ای شمالی چه دو شرایطی باید تحمل شود؟,گرما (همیشگی) و نور شدید خورشید,"گرما همیشگی و نور شدید خورشید 
",گرما همیشگی و نور شدید خورشید,1,1.000000000,1.839277361,12,ok,
1974,292,طبق ضوابط، شلوار مردان باید چه بخشی از بدن را بپوشاند؟,زانوهایشان,"زانو 
",زانو,0,0.000000000,0.834238030,4,ok,
1975,293,جمعیت شهر واتیکان حدود چند نفر است؟,800 نفر,"۸۰۰ نفر 
",800 نفر,1,1.000000000,0.955553717,5,ok,
1977,294,پرایدها از چند نر بالغ مرتبط تشکیل می‌شوند؟,یک تا سه نر بالغ مرتبط,"یک تا سه 
",یک تا سه,0,0.666666667,0.936966543,5,ok,
1978,295,این مسابقه چندمین باخت پیاپی اسپرینگ‌باکس بود؟,پنجمین باخت پیاپی,"پنجمین 
",پنجمین,0,0.500000000,1.099263092,6,ok,
1979,296,ارز رسمی فالکلند چیست؟,پوند فالکلند (FKP),"پوند فالکلند fkp 
",پوند فالکلند fkp,1,1.000000000,1.385865487,9,ok,
1980,297,چرا مطالعه جریان ترافیک دشوار است؟,رفتار راننده را نمی‌توان با قطعیت صد درصد پیش‌بینی کرد,"زیرا رفتار راننده را نمی‌توان با قطعیت صد درصد پیش‌بینی کرد. 
",زیرا رفتار راننده را نمی توان با قطعیت صد درصد پیش بینی کرد,0,0.960000000,2.678536474,20,ok,
1981,298,اگر فقط با کشتی تفریحی در ساحل پهلو بگیرید، به چه چیزی نیاز ندارید؟,ویزای مجزا,"ویزا 
",ویزا,0,0.000000000,0.838513417,4,ok,
1982,299,به مسافران زن توصیه می‌شود درباره وضعیت تأهل خود چه بگویند؟,ازدواج کرده‌اند,"ازدواج کرده‌اند 
",ازدواج کرده اند,1,1.000000000,1.132236286,6,ok,
1984,300,مالکیت همگانی خودرو به افزایش چه چیزی در جاده‌ها منجر می‌شود؟,تصادفات در جاده‌ها,"تصادفات 
",تصادفات,0,0.400000000,0.957924670,5,ok,
1985,301,کوهنوردی به سبک آلپی در چه نوع زمینی انجام می‌شود؟,زمین‌های شیب دار,"زمین‌های شیب دار 
",زمین های شیب دار,1,1.000000000,1.194914514,7,ok,
1987,302,اعتقاد بر این است برخورد در زمین‌های کوهستانی در نتیجه چه چیزی رخ داده است؟,شلیک نیروهای دشمن,"شلیک نیروهای دشمن 
",شلیک نیروهای دشمن,1,1.000000000,1.092562231,6,ok,
1988,303,نگرش غالب در دهه 1920 چه بود؟,نگرش صلح و انزوا,"صلح و انزوا 
",صلح و انزوا,0,0.857142857,1.260440035,8,ok,
1990,305,حضور چه چیزی معمولاً باعث بهبود گرامر و املای وبلاگ‌نویسی دانش‌آموزان می‌شود؟,حضور مخاطب,"حضور مخاطب 
",حضور مخاطب,1,1.000000000,0.997810362,6,ok,
1991,306,در این دوره تاریخی کدام نهاد تحت نظارت قرار گرفت؟,کلیسای کاتولیک,"کلیسا کاتولیک 
",کلیسا کاتولیک,0,0.500000000,1.312781797,8,ok,
1992,307,اصطلاح «سافاری» عموماً به چه نوع سفری اشاره دارد؟,سفر زمینی برای مشاهده حیات وحش حیرت انگیز آفریقا,"سفر زمینی برای مشاهده حیات وحش 
",سفر زمینی برای مشاهده حیات وحش,0,0.800000000,1.766892325,12,ok,
1993,308,طوفان نیمه‌گرمسیری جری چندمین طوفان فصل آتلانتیک بود؟,دهمین,"دهم 
",دهم,0,0.000000000,0.737196481,3,ok,
1994,309,دانستن چه زبان‌هایی یادگیری پرتغالی را آسان‌تر می‌کند؟,یکی از زبان‌های رومی,"زبان‌های رومی 
",زبان های رومی,0,0.750000000,1.206826280,7,ok,
1995,310,هدف داربست‌های مجازی در نرم‌افزار چیست؟,پرسش، برانگیختن و توضیح روش هایی,"پرسش برانگیختن و توضیح روش هایی که ممکن است انجام آن به تنهایی برای دانشجویان چالش محسوب می‌شود. 
",پرسش برانگیختن و توضیح روش هایی که ممکن است انجام آن به تنهایی برای دانشجویان چالش محسوب می شود,0,0.480000000,3.836816786,30,ok,
1996,311,میچل گورلی در رقابت اسکی مارپیچ سرعت نشسته مردان چه رتبه‌ای کسب کرد؟,مقام یازدهم,"یازدهم 
",یازدهم,0,0.666666667,0.961429309,5,ok,
1997,312,در نمونه ذکرشده، چند مورد XDR-TB از مجموع 330 هزار فرد مبتلا به سل گزارش شده است؟,"6,000 مورد ابتلا","6,000  
",6 000,0,0.666666667,1.228993659,7,ok,
1998,313,این جانوران روی چند پای عقب خود راه می‌روند؟,دو پای عقب,"دو 
",دو,0,0.500000000,0.751138638,3,ok,
1999,314,برژینسکی در دهه 1960 برای چه کسی به عنوان مشاور کار می‌کرد؟,جان اف کندی,"جان اف کندی و لیندون بی جانسون 
",جان اف کندی و لیندون بی جانسون,0,0.600000000,2.025011857,13,ok,
2000,315,در عبور زمستانی از دریای بالتیک شمالی چه چیزی باید بررسی شود؟,محل کابین,"محل کابین 
",محل کابین,1,1.000000000,1.037558645,6,ok,
2001,316,چرا مسافران باید از شرایط سخت آب‌وهوایی منطقه آگاه باشند؟,این شرایط می‌تواند بر برنامه‌های سفر تأثیر بگذارد,"زیرا این شرایط می‌تواند بر برنامه‌های سفر تأثیر بگذارد. 
",زیرا این شرایط می تواند بر برنامه های سفر تأثیر بگذارد,0,0.952380952,2.221697203,17,ok,
2002,317,بازیکنان با حرکت چه چیزی در هوا می‌توانند بازی ویدئویی را کنترل کنند؟,دستگاه,"دستگاه 
",دستگاه,1,1.000000000,0.782823137,4,ok,
2003,318,برای داشتن بهترین نما از هنگ‌کنگ باید به کدام سمت رفت؟,سمت مقابل لب ساحل کاولون,"سمت مقابل لب ساحل کاولون 
",سمت مقابل لب ساحل کاولون,1,1.000000000,1.579406316,11,ok,
2004,319,خروج هواپیمای مسافربری از باند مشهد چند نفر را کشت؟,هفده نفر,"هفده نفر 
",هفده نفر,1,1.000000000,1.044960656,6,ok,
2006,321,چه عناصری در متن به عنوان فلز معرفی شده‌اند؟,کلسیم و پتاسیم,"کلسیم، پتاسیم، نقره، طلا 
",کلسیم پتاسیم نقره طلا,0,0.571428571,2.002144965,15,ok,
2007,322,طبق تخمین سپاه مهندسی ارتش آمریکا، چه مقدار باران می‌تواند از آب‌بندهای آسیب‌دیده نفوذ کند؟,6 اینچ باران,"۶ اینچ 
",6 اینچ,0,0.800000000,0.890457107,5,ok,
2008,323,یکی از مباحث مطرح‌شده در بالی درباره جنگل‌های جهان چیست؟,نجات جنگل‌های باقیمانده جهان,"نجات جنگل‌های باقیمانده جهان 
",نجات جنگل های باقیمانده جهان,1,1.000000000,1.740188059,13,ok,
2009,324,کدام منابع گیاهی پروتئین به عنوان در دسترس‌ترین منابع معرفی شده‌اند؟,پروتئین های موجود در برگ ها و حبوبات,"برگ ها و حبوبات 
",برگ ها و حبوبات,0,0.666666667,1.230152508,8,ok,
