id,file_name,gold_answer,baseline_asr,enhanced_asr,baseline_answer,enhanced_answer,baseline_em,enhanced_em,baseline_f1,enhanced_f1,asr_context_changed,llm_answer_changed,oracle_em
1966,10051486205118679596.wav,اعتراضات گسترده ضدحکومتی,این کمیسیون پاسخ مارتی بود به اعتراضات گسترده ضد حکومتی که در ماه اکتبر آغاز شد,این کمیسیون پاسخ مارتین بود به اعتراضات گسترده ضد حکومتی که در ماه اکتبر آغاز شد,"اعتراضات گسترده ضد حکومتی 
","اعتراضات گسترده ضد حکومتی 
",0,0,0.571428571,0.571428571,True,False,1
1903,1010306930168345338.wav,خلاقیت و نبوغ,زمانی که از همه ی منابع موجود به شکلی موثر در واحدهای عملیاتی سازمانی استفاده شود خلاقیت و نبوغ می تواند اتفاق افتد,زمانی که از همه منابع موجود به شکلی موثر در واحدهای عملیاتی سازمانی استفاده شود خلاقیت و نبوغ می تواند اتفاق افتد,"خلاقیت و نبوغ 
","خلاقیت و نبوغ 
",1,1,1.0,1.0,True,False,1
1943,10129388121687242275.wav,صلح و رضایت مطلق,هرچه تنش کمتر باشد هدیه ای نیروی زندگی مثبت تر است هر شخص توانایی این را دارد که صلح و رضایت معتاد را پیدا کند,هرچه تنش کمتر باشد هدیه ی نیروی زندگی مثبت تر است هر شخص توانایی این را دارد که صلح و رضایت مطهر را پیدا کند,"صلح و رضایت معتاد 
","صلح و رضایت مطهر 
",0,0,0.75,0.75,True,True,1
1794,10197441927924455618.wav,یک فرهنگ واحد,یک تمدن یک فرهنگ واحد است که توسط گروه بسیار بزرگی از مردم یک جامعه که درکنار هم زندگی و کار می کنند روایت می شود,یک تمدن یک فرهنگ واحد است که توسط گروه بسیار بزرگی از مردم یک جامعه که در کنار هم زندگی و کار می کنند رعایت می شود,"یک تمدن یک فرهنگ واحد است که توسط گروه بسیار بزرگی از مردم یک جامعه که درکنار هم زندگی و کار می کنند روایت می شود. 

","یک تمدن یک فرهنگ واحد است که توسط گروه بسیار بزرگی از مردم یک جامعه که در کنار هم زندگی و کار می کنند رعایت می شود. 

",0,0,0.206896552,0.2,True,True,0
1948,10375540450909317904.wav,چین باستان,این سه پادشاهی یکی از خونین ترین دوران تاریخ چین باستان به حساب می آید که در آن هزاران نفر برای تناسب بالاترین کرسی در کاخ بزرگ در شی آن جان خود را از دست داده اند,این سه پادشاهی یکی از خونین ترین دوران تاریخ چین باستان به حساب می آید که در آن هزاران نفر برای تناسب بالاترین کرسی در کاخ بزرگ در آن جان خود را از دست دادند,"چین 
","چین 
",0,0,0.666666667,0.666666667,True,False,0
1993,10397079169480139333.wav,دهمین,دهمین مورد از طوفان آتلانتیک است که طوفان نیمه گرمسیری جری نام گرفته است امروز در اقیانوس اطلس شکل گرفت,دهمین مورد از طوفان آتلانتیک فصل که طوفان نیمه گرمسیری جری نام گرفته است امروز در اقیانوس اطلس شکل گرفت,"دهم 
","دهم 
",0,0,0.0,0.0,True,False,0
1948,10571388579404636574.wav,چین باستان,این سه پادشاهی یکی از خونین ترین دوران تاریخ چین باستان به حساب می آید که در آن هزاران نفر برای تصاحب بالاترین کرسی در کاخ بزرگ ترش شی آن جان در آن جان خود را از دست داده اند,این سه پادشاهی یکی از خونین ترین دوران تاریخ چین باستان به حساب می آید که در آن هزاران نفر برای تصاحب بالاترین کرسی در کاخ بزرگ ترش چی جان در شیان جان خود را از دست داده اند,"چین 
","چین 
",0,0,0.666666667,0.666666667,True,False,0
1696,10674095500878973198.wav,مواد کریستالی,محققان دانشگاه گفتند که این دو ترکیب در واکنش با یکدیگر مواد کریستالی تشکیل می دهد و می تواند عملکرد کلیه را مسدود کنند,محققان دانشگاه گفتند که این دو ترکیب در واکنش با یکدیگر مواد کریستالی تشکیل می دهد و می تواند عملکرد کلیه را مسدود کنم,"مواد کریستالی 
","مواد کریستالی 
",1,1,1.0,1.0,True,False,1
1699,10694811253053884596.wav,«اغتشاش»,همچنان که گروهک های مردمی به خیابان ها ریخته اند و فروشگاه های کالاهای مصرفی را غارت کردن بی شک از زبان یکی از شاهدان در وضعیتی از اغتشاش فرو رفت,همچنان که گروهک های مردمی به خیابان ها ریختند و فروشگاه های کالاهای مصرفی را غارت کردند بی شک از زبان یکی از شاهدان در وضعیتی از اغتشاش فرو رفت,"اغتشاش  
","اغتشاش  
",1,1,1.0,1.0,True,False,1
1734,1094893821494248905.wav,به شکلی یکسان با ماده معمول,دانشمندان توانستند نتیجه بگیرند که ماده ی تاریک به شکلی یکسان با ماده معمولی و ماده تاریک دیگر تاثیر می گذارد,دانشمندان توانستند نتیجه بگیرند که ماده تاریک به شکلی یکسان با ماده معمولی و ماده تاریک دیگر تاثیر می گذارد,"به شکلی یکسان با ماده معمولی 
","به شکلی یکسان با ماده معمولی 
",0,0,0.833333333,0.833333333,True,False,0
1743,11387267084115469210.wav,مسیری فراتر از تأثیر فرهنگی یا سیاسی,اکثر تفسیرها از جبرگرایی فناورانه دو ایده ی کلی را به اشتراک می گذارند اینکه توسعه فناوری به خودی خود مسیری فراتر از تأثیر فرهنگی یا سیاسی را دنبال می کند و اینکه این فناوری به نوبه خود تاثیرات بیشتر سریع بر جوامع ذاتی می گذارد تا جوامع رشوت,اکثر تفسیرها از جبرگرایی فناورانه دو ایده کلی را به اشتراک می گذارند اینکه توسعه فناوری به خودی خود مسیری فراتر از تأثیر فرهنگی یا سیاسی را دنبال می کند و اینکه این فناوری به نوبه خود تاثیرات بیشتر سریع بر جوامع ذاتی می گذارد تا جوامع رشوت,"توسعه فناوری به خودی خود مسیری فراتر از تأثیر فرهنگی یا سیاسی را دنبال می کند. 
","توسعه فناوری به خودی خود مسیری فراتر از تأثیر فرهنگی یا سیاسی را دنبال می کند. 
",0,0,0.608695652,0.608695652,True,False,0
1974,11402127223843334824.wav,زانوهایشان,با ضوابطی مشابه مردان هم موظف هستند با شلوارهایی بپوشند که زانوهایشان را پوشانده باشند,با ضوابطی مشابه مردان هم موظف هستند تا شلوارهایی بپوشند که زانوهایشان را پوشانده باشند,"زانو 
","زانو 
",0,0,0.0,0.0,True,False,0
1785,11504601577849734660.wav,افرادی که در حال دریافت یک تجربه یادگیری جدید,داربست سازی روشی برای یادگیری نیست بلکه کمکی است که از افرادی که در حال دریافت یک تجربه یادگیری جدید مانند استفاده از یک برنامه ی جدید کامپیوتری یا شروع یک پروژه جدید هستند پشتیبانی می کند,داربست سازی روشی برای یادگیری نیست بلکه کمکی است که از افرادی که در حال دریافت یک تجربه یادگیری جدید مانند استفاده از یک برنامه جدید کامپیوتری یا شروع یک پروژه جدید هستند پشتیبانی می کند,"افرادی که در حال دریافت یک تجربه یادگیری جدید مانند استفاده از یک برنامه ی جدید کامپیوتری یا شروع یک پروژه جدید هستند. 
","افرادی که در حال دریافت یک تجربه یادگیری جدید مانند استفاده از یک برنامه جدید کامپیوتری یا شروع یک پروژه جدید هستند. 
",0,0,0.5625,0.580645161,True,True,0
1952,11520522883340102447.wav,برف، یخ یا دمای انجماد,هرکس قصد رانندگی در عرض های بالای جغرافیایی یا گذرگاه های بالای کوه را دارد باید احتمال برف یخ یا دمای انجماد را در نظر بگیرد,هر کس قصد رانندگی در عرض های بالای جغرافیایی یا گذرگاه های بالای کوه را دارد باید احتمال برف یخ یا دمای انجماد را در نظر بگیرد,"برف یخ یا دمای انجماد 
","برف یخ یا دمای انجماد 
",1,1,1.0,1.0,True,False,1
1836,11834677696459450950.wav,طلا، نقره، و مس,مردم از روزگار باستان عناصر شیمیایی بنیادی مثل طلا نقره و مس را می شناختند زیرا همه این عناصر را می توان به شکل خالص در طبیعت یافت و استخراج آنها با ابزارهایی ابتدایی نسبتا ساده است,مردم از روزگار باستان عناصر شیمیایی بنیادی مثل طلا نقره و مس را می شناختند زیرا همه ی این عناصر را می توان به شکل خالص در طبیعت یافت و استخراج آنها با ابزارهای ابتدایی نسبتا ساده است,"طلای نقره و مس 
","طلای نقره و مس 
",0,0,0.75,0.75,True,False,0
1722,12112238055217414160.wav,53 ساله,و پنجاه و سه ساله فرمانداری خود را در اوایل امسال شروع کرد به اواخر این ماه لایحه ای در قانونی کردن ازدواج همجنس بازان تصریح کرد,کم و پنجاه و سه ساله فرمانداری خود را در اوایل امسال شروع کرد به اواخر این ماه لایحه ای در قانونی کردن ازدواج همجنس بازان تصویب کرد,"پنجاه و سه 
","53 
",0,0,0.0,0.666666667,True,True,0
1823,12211594258460995568.wav,رانندگان مستقل و وسایل‌نقلیه,جریان ترافیک همان آمدید جریان ترافیک همانا مطالعه حرکت رانندگان مستقل و وسایل نقلیه بین دو نقطه و تعامل آنها با یکدیگر هست,جریان ترافیک همان آمد جریان ترافیک همانا مطالعه حرکت رانندگان مستقل و وسایل نقلیه بین دو نقطه و تعامل آنها با یکدیگر هست,"حرکت رانندگان مستقل و وسایل نقلیه  
","حرکت رانندگان مستقل و وسایل نقلیه  
",0,0,0.909090909,0.909090909,True,False,0
1898,12508912092527840846.wav,دلایل قانونی,اوه ولز از همان ابتدا به ما دروغ گفت اول از همه با وانمود کردن اینکه بخاطر دلایل قانونی نیست دوم با وانمود کردن اینکه به حرفهای ما گوش می کند اما درست تا حظ هنرش پیش رفت,اوه ولز از همان ابتدا به ما دروغ گفت اول از همه با وانمود کردن اینکه بخاطر دلایل قانونی است دوم با وانمود کردن اینکه به حرفهای ما گوش می کند اما درست تا حظ هنرش پیش رفت,"دلایل قانونی 
","دلایل قانونی 
",1,1,1.0,1.0,True,False,1
1847,12802656129547293960.wav,تجارت و تروریسم,وی مورد استقبال معاون نخست وزیر سنگاپور بوم کانسنگ قرار گرفت و با نخست وزیر سنگاپور لی هسین دوپینگ بحث در مورد تجارت و تروریسم را آغاز کرد,وی مورد استقبال معاون نخست وزیر سنگاپور و کانسنگ قرار گرفت و با نخست وزیر سنگاپور لی سیم لووینگ بحث در مورد تجارت و تروریسم را آغاز کرد,"تجارت و تروریسم 
","تجارت و تروریسم 
",1,1,1.0,1.0,True,False,1
2000,1292317536442759981.wav,محل کابین,اگر در زمستان از دریای بالتیک شمالی عبور می کنند محل کابین را بررسی کنید زیرا هنگام عبور از یخ برای کسانی که بیشتر تحت تاثیر قرار گرفته باشند صداهای نسبتا وحشتناک شنیده می شود,اگر در زمستان از دریای بالتیک شمالی عبور می کنید محل کابین را بررسی کنید زیرا هنگام عبور از یخ برای کسانی که بیشتر تحت تاثیر قرار گرفته باشند صداهای نسبتا وحشتناک شنیده می شود,"محل کابین 
","محل کابین 
",1,1,1.0,1.0,True,False,1
1828,12933074727111781468.wav,آدرس یک شرکت محلی,جستجو در اینترنت برای عبارت دوره ی محیطی متخاصم احتمالا آدرس یک شرکت محلی را نشان می دهد,جستجو در اینترنت برای عبارت دوره محیطی متخاصم احتمالا آدرس یک شرکت محلی را نشان می دهد,"آدرس یک شرکت محلی 
","آدرس یک شرکت محلی 
",1,1,1.0,1.0,True,False,1
1667,13218673399477936617.wav,«یکی از رفقا»,به طور کلی وقتی مدیران شروع به رهبری همکاران سابق خود می کنند دو رفتار پدیدار می شود یک سر طیف تلاش می کنند یکی از رفقاء باقی بماند,به طور کلی وقتی مدیران شروع به رهبری همکاران سابق خود می کنند دو رفتار پدیدار می شود یک سر طیف تلاش می کنند یکی از رفقا باقی بماند,"رفیق 
","یکی از رفقا 
",0,1,0.0,1.0,True,True,0
1775,13257647463448923395.wav,میکرو بیان و حرکات صورت,استفاده از ضبط ویدئویی منجر به اکتشافات مهمی در زمینه تفسیر ماکرو بیان و حرکات صورت شد که تنها چند میلی ثانیه طول می کشند,استفاده از ضبط ویدیویی منجر به اکتشافات مهمی در زمینه تفسیر ماکرو بیان و حرکات صورت شد که تنها چند میلی ثانیه طول می کشند,"حرکات صورت 
","حرکات صورت 
",0,0,0.571428571,0.571428571,True,False,0
1685,13392358358076959369.wav,35 میلی متر,عنوان مثال رایجترین قالب عکاسی و تصویر ثابت در جهان سی و پنج میلی متر است که در اواخر دوران فیلم آنالوگ اندازه ی قالب فیلم بود,به عنوان مثال رایجترین قالب عکاسی و تصویر ثابت در جهان سی و پنج میلی متر است که در اواخر دوران فیلم آنالوگ اندازه قالب فیلم بود,"35 میلی متر 
","35 میلی متر 
",1,1,1.0,1.0,True,False,1
1712,13426628878956706650.wav,400 ببر بنگال سلطنتی,ساندر بنز از سال یک هزار و نهصد و شصت و شش یک حفاظتگاه حیات وحش بوده است و تخمین زده می شود که اکنون چهارصد ببر بنگال سلطنتی و حدود سی هزار گوزن در این منطقه دیده شده است,ساندر بانس از سال یک هزار و نهصد و شصت و شش یک حفاظتگاه حیات وحش بوده است و تخمین زده می شود که اکنون چهارصد ببر بنگال سلطنتی و حدود سی هزار گوزن در این منطقه دیده شده است,"چهارصد 
","چهارصد 
",0,0,0.0,0.0,True,False,0
1839,13576526523341959923.wav,مسیر پیاده روی,به همان شکل که در مورد مسیر پیاده روی فکر می کنید به مسیر اسکی نیز فکر کنید,به همون شکل که در مورد مسیر پیاده روی فکر می کنید به مسیر اسکی نیز فکر کنید,"مسیر پیاده روی 
","مسیر پیاده روی 
",1,1,1.0,1.0,True,False,1
1865,13726381510147079309.wav,الزامات ویزا,شوهر جدیدش شهرگردی در سمت سن پترزبورگ شامل صرف زمان در شهر می شود مسافران کروز هر الزامات ویزا معاف هستند ضوابط را بررسی کنید,شهرگردی در شصت شهر کردی در سمت سن پترزبورگ شامل صرف زمان در شهر می شود مسافران کروز هر الزامات ویزا معاف هستند ضوابط را بررسی کنید,"الزامات ویزا 
","الزامات ویزا 
",1,1,1.0,1.0,True,False,1
1856,13848116443096365695.wav,«سرزمین هزار دریاچه»,فنلاند یک مجله فنلاند یک مقصد قایقرانی عالی است این سرزمین هزار دریاچه هزاران جزیره نیز بر دریاچه ها و شبه جزیره های ساحلی دارد,فنلاند یک مرجع فنلاند یک مقصد قایقرانی عالی است این سرزمین هزار دریاچه هزاران جزیره نیز در دریاچه ها و شبه جزیره های ساحلی دارد,"سرزمین هزار دریاچه 
","سرزمین هزار دریاچه 
",1,1,1.0,1.0,True,False,1
1918,13986265868073063236.wav,پارک جنگلی سانداربنس,استاندار بنز سایت میراث جهانی یونسکو اعلام شده است بخش جنگلی واقع در قلمرو هندوستان پارک جنگلی ساندار بنز نامیده می شود,وس ساندار بنز سایت میراث جهانی یونسکو اعلام شده است بخش جنگلی واقع در قلمرو هندوستان پارک جنگلی ساندار بنز نامیده می شود,"پارک جنگلی ساندار بنز 
","پارک جنگلی ساندار بنز 
",0,0,0.571428571,0.571428571,True,False,1
1752,14141280942731972034.wav,دو گونه ماهی,درنتیجه دو گونه ماهی منقرض شده اند و دو گونه ی دیگر نیز در معرض خطر قرار گرفته اند ازجمله چاپ کوهان دار,درنتیجه دو گونه ماهی منقرض شده اند و گونه دیگر نیز در معرض خطر قرار گرفته اند ازجمله چاپ کوهان دار,"دو 
","دو 
",0,0,0.5,0.5,True,False,0
1934,1425190597305679497.wav,یک کتاب داستان,معمولا شما همیشه می توانید صدای گردشگران و فروشندگان را بشنویم داستان صدا و نور درست مثل یک کتاب داستان است,معمولا شما همیشه می توانید صدای گردشگران و فروشندگان را بشنوید داستان صدا و نور درست مثل یک کتاب داستان است,"کتاب داستان 
","کتاب داستان 
",0,0,0.8,0.8,True,False,0
1910,14543209681739934707.wav,خودپسندی، بی‌ادبی و تکبر,پاریسی ها به خودپسندی بی ادبی و تکبر شهره هستند,پاریسی ها به خودبسندی بی ادبی و تکبر شهره هستند,"خودپسندی، بی ادبی و تکبر 
","خودبسندی بی ادبی و تکبر 
",1,0,1.0,0.8,True,True,1
1714,14719594757767271892.wav,جو زمین برخی از نورها و تصاویر را تحریف می‌کند,این ماهواره توسط یک موشک به فضا فرستاده شد دانشمندان از تلسکوپ ها در فضا استفاده می کنند زیرا جو زمین برخی از نورها و تصاویر را تحریف می کند,این ماهواره توسط یک موشک به فضا فرستاده شد دانشمندان از تلسکوپ ها در فضا استفاده می کنند زیرا جعبه زمین برخی از نورها و تصاویر را تحریف می کند,"جو زمین برخی از نورها و تصاویر را تحریف می کند. 
","جعبه زمین برخی از نورها و تصاویر را تحریف می کند. 
",1,0,1.0,0.909090909,True,True,1
1845,14758942902638418078.wav,یک واگن,در یک واگن آنها در که توسط جمعی از مردم که با فریاد پادشاه و ملکه را تهدید می کردند احاطه شده بودند به پاریس بازگشته اند,در یک واگن آنها در حالی که توسط جمعی از مردم که با فریاد پادشاه و ملکه را تهدید می کردند احاطه شده بودند به پاریس بازگشته ام,"واگن 
","واگن 
",0,0,0.666666667,0.666666667,True,False,0
1815,15100272878772886432.wav,سرهم کردن یک هسته با تعداد زیادی پروتون و نوترون انرژی می‌برد,بمب شکافت هسته ای بر این قاعده استوار است که سرهم کردن یک هسته با تعداد زیادی پروتون و نوترون انرژی می برد,بمب شکافت هسته ای بر این قاعده استوار است که سهم کردن یک هسته با تعداد زیادی پروتون و نوترون انرژی می برد,"سرهم کردن یک هسته با تعداد زیادی پروتون و نوترون انرژی می برد. 
","سهم کردن یک هسته با تعداد زیادی پروتون و نوترون 
",1,0,1.0,0.782608696,True,True,1
1829,15128049409457182633.wav,مشروبات الکلی و دخانیات,محدودیت مسافران برای کشورهایی که مالیات سنگین دارد گاهی اوقات می تواند موجب صرفه جویی قابل توجهی شود بخصوص در مورد محصولاتی مانند مشروبات الکلی و دخانیات,محدودیت مسافران برای کشورهایی که مالیات سنگین دارد گاهی اوقات می تواند موجب صرفه جویی قابل توجهی شود به خصوص در مورد محصولاتی مانند مشروبات الکلی و دخانیات,"مشروبات الکلی و دخانیات 
","مشروبات الکلی و دخانیات 
",1,1,1.0,1.0,True,False,1
1686,15340289957814700836.wav,فرایند جدید خلاقانه‌ای,درنتیجه روند همکاری سازمانی به منظور غلبه بر موانع می تواند به فرایند جدید خلاقانه ای در جهت تامین نیازهای مشتری منتهی شود,درنتیجه روند همکاری سازمانی به منظور غلبه بر موانع می تواند به فرایند جدید خلاقانه ای در جهت تأمین نیازهای مشتری منتهی شود,"فرایند جدید خلاقانه ای در جهت تامین نیازهای مشتری 
","فرایند جدید خلاقانه ای در جهت تأمین نیازهای مشتری 
",0,0,0.615384615,0.615384615,True,True,0
1700,15414665387721248148.wav,ضخیم‌تر,زیر دریا بارها نازک تر و زیر زمینهای مرتفع ضخیم تر است,زیر دریا بارها نازک تر و زیر زمین های مرتفع ضخیم تر است,"ضخیم تر 
","ضخیم تر 
",1,1,1.0,1.0,True,False,1
1998,15951566001743600083.wav,دو پای عقب,آنها پاها و پنجه های فلزی دارند تخم می گذارند و مانند تیرک از روی دو پای عقب خود راه می روند,آنها پاها و پنجه های فلزی دارند تخم می گذارند و مانند تیری که از روی دو پای عقب خود راه می روند,"دو 
","دو 
",0,0,0.5,0.5,True,False,0
1660,16142317535120109527.wav,«گوته»،‌ «فیشته» و «اشلگل»,رمانتیسم اثر عظیمی از جبرگرایی فرهنگی داشت که از نویسندگان نزد نظیر گوته پیشته عرشه عشق بود,رمانتیسم اثر عظیمی از جبرگرایی فرهنگی داشت که از نویسندگان از نظیر گوته پیشت عشق عشق,"نامشخص 
","گوته 
",0,0,0.0,0.4,True,True,1
1958,16158863560781945190.wav,خصایص عربی,این شهر به طور آشکاری با سایر شهرها یکی این کشور در تضاده است زیرا بیشتر دارای خصایص عربی است تا خصایص آفریقایی,این شهر به طور آشکاری با سایر شهرها یکی این کشور در تضاد است زیرا بیشتر دارای خصایص عربی است تا خصایص آفریقایی,"عربی 
","عربی 
",0,0,0.666666667,0.666666667,True,False,0
1722,16189694501855319771.wav,53 ساله,اوه پنجاه و سه ساله فرمانداری خودش را در اوایل امسال شروع کرد از اواخر این ماه لایحه ای در قانونی کردن ازدواج همجنس بازان تصویب کرد,گم و پنجاه و سه ساله فرمانداری خودش را در اوایل امسال شروع کرد از اواخر این ماه لایحه در قانونی کردن ازدواج بازان تصویب کرد,"پنجاه و سه 
","53 
",0,0,0.0,0.666666667,True,True,0
1887,16427132825936435074.wav,زایمان زودرس,درحالی که او در بیمارستان کار می کند لیگی نیز در اوقات فراغتش روی زایمان زودرس تحقیقاتش را آغاز کرد,درحالی که او در بیمارستان کار می کند لیگی نیست در اوقات فراغتش روی زایمان زودرس تحقیقاتش را آغاز کرد,"زایمان زودرس 
","زایمان زودرس 
",1,1,1.0,1.0,True,False,1
1911,16431065772516640211.wav,درخواست ویزا برای هر یک از کشورهای عضو شینگن به طور جداگانه,به همین ترتیب با داشتن ویزای شینگن دیگر نیازی به درخواست ویزا برای هر یک از کشورهای عضو شینگن به طور جداگانه نیست ازاین رو در وقت پول و کاغذبازی صرفه جویی می کنید,به همین ترتیب با داشتن ویزای شینگن دیگر نیاز به درخواست ویزا برای هر یک از کشورهای عضو شینگن به طور جداگانه نیست ازاین رو در وقت پول و کاغذبازی صرفه جویی می کنید,"نیاز به درخواست ویزا برای هر یک از کشورهای عضو شینگن به طور جداگانه 
","نیاز به درخواست ویزا برای هر یک از کشورهای عضو شینگن به طور جداگانه 
",0,0,0.923076923,0.923076923,True,False,0
1953,16466322654962427683.wav,بیمارستان ادن بروک کمبریج,او سپس به بیمارستان آدن بروک کمبریج منتقل شد,او سپس به بیمارستان ادم بروک کمبریج منتقل شد,"بیمارستان آدن بروک کمبریج 
","بیمارستان ادم بروک کمبریج 
",0,0,0.75,0.75,True,True,1
1749,16574731495343089615.wav,با آلمانی‌ها صلح کردند,آنجا تحت حکومت فرانسویان ویشی بود اینها فرانسویانی بودند که در سال یک هزار و نهصد و چهل با آلمانی ها سرخ کردن و به جای جنگ با مهاجمان با آنها همکاری کرده اند,آنجا تحت حکومت فرانسویان ویشی بود اینها فرانسویانی بودند که در سال یک هزار و نهصد و چهل با آلمانی ها سرخ کردن و به جای جنگ با مهاجمان با آنها همکاری کردند,"با آلمانی ها همکاری کردند. 
","با آلمانی ها همکاری کردند. 
",0,0,0.8,0.8,True,False,0
1937,16617964487008903348.wav,800 هزار سرباز,اما این نقشه ها تقریبا یک شبه از کار افتاد وقتی که بیش از هشتصد هزار سرباز از ارتش سرخ اتحاد جماهیر شوروی وارد شده اند و پس از هجوم به نواحی شرقی لهستان جبهه های بلاروسی و اوکراینی را ساخته اند و بدین تر ترتیب عهدنامه ی صلح ریگا پیمان عدم تجاوز بین شوروی و لهستان و سایر عهدنامه های بین المللی هم دوجانبه و هم چندجانبه نقض کرده اند,اما این نقشه ها تقریبا یک شبه از کار افتاد وقتی که بیش از هشتصد هزار سرباز از ارتش سرخ اتحاد جماهیر شوروی وارد شده اند و پس از هجوم به نواحی شرقی لهستان جبهه های بلاروسی و اوکراینی را ساخته اند و بدین تر ترتیب عهدنامه صلح ریگا پیمان عدم تجاوز بین شوروی و لهستان و سایر عهدنامه های بین المللی هم دوجانبه و هم چندجانبه نقض کرده اند,"بیش از هشتصد هزار 
","بیش از هشتصد هزار 
",0,0,0.285714286,0.285714286,True,False,0
1973,16645769372983521448.wav,گرما (همیشگی) و نور شدید خورشید,اما با قرار گرفتن در مناطق حاره ای شمالی تنها چند درجه به سمت شمال خط استوا مجبوری با گرما همیشگی و نور شدید خورشید وقتی آسمان صاف است و خیلی کمتر پیش می آید دست وپنجه نرم کنید,اما با قرار گرفتن در مناطق حاره ای شمالی تنها چند درجه به سمت شمال خط استوا مجبورید با گرما همیشگی و نور شدید خورشید وقتی آسمان صاف است و خیلی کمتر پیش می آید دست وپنجه نرم کنید,"گرما همیشگی و نور شدید خورشید 
","گرما همیشگی و نور شدید خورشید 
",1,1,1.0,1.0,True,False,1
1950,16802647605942122929.wav,سینترا,در شمال و در منطقه ای که دسترسی به آن آسان است شهر عاشقانه و جذاب سیمز را واقع شده است که پس از آن توسط لرد بایرون با شکوه و جلال به صورت پر زرق و برق ثبت شد برای خارجی ها مشروب شد,در شمال در منطقه ای که دسترسی به آن آسان است شهر عاشقانه و جذاب سینترا واقع شده است که پس از آن توسط لرد بایرون با شکوه و جلال به صورت پر زرق و برق ثبت شد برای خارجی ها مشروب شد,"سیمز 
","سینترا 
",0,1,0.0,1.0,True,True,1
1923,16899855698602897552.wav,منابع حیاتی نظامی و غیرنظامی,در طی محاصره در کل قوانین بین المللی که در دو قرن گذشته توسط چندین توافقنامه بین المللی پذیرفته شده بود را لغو می کرد اما ثابت شد که قطع منابع حیاتی نظامی و غیر نظامی یک استراتژی اثربخش بوده است,در چنین محاصره در کل قوانین بین المللی که در دو قرن گذشته توسط چندین توافقنامه بین المللی پذیرفته شده بود را لغو می کرد اما ثابت شد که قطع منابع حیاتی نظامی و غیر نظامی یک استراتژی اثربخش بوده است,"حیاتی نظامی و غیر نظامی 
","منابع حیاتی نظامی و غیر نظامی 
",0,0,0.6,0.727272727,True,True,0
1894,16953015753064947112.wav,گیاهان و ادویه‌ها، همراه با گوشت یا سبزیجات,کاری فضایی است که با گیاهان و ادویه ها همراه با گوشت و سبزیجات تهیه می شود,کاری غذایی است که با گیاهان و ادویه ها همراه با گوشت و سبزیجات تهیه می شود,"گیاهان، ادویه ها، گوشت و سبزیجات 
","گیاهان، ادویه ها، گوشت و سبزیجات 
",0,0,0.8,0.8,True,False,0
1916,16976122004934110673.wav,فنجانی از قهوه غلیظ,بسیاری از شیرینی های آلمانی دارای بادام فندق و سایر خشکبارهای درختی هستند کیک های پر طرفدار اغلب با فنجانی از قهوه غلیظ سرو می شوند,بسیاری از شیرینی های آلمانی دارای بادام فندق و سایر خشکبارهای درختی هستند کیک های پرطرفدار اغلب با فنجانی از قهوه غلیظ سرو می شوند,"فنجانی از قهوه غلیظ 
","فنجانی از قهوه غلیظ 
",1,1,1.0,1.0,True,False,1
1777,17253610294317088328.wav,کانادا,اتاوا پایتخت جذاب و دو زبانه ی کاناداست و دارای مجموعه ای از گالری های هنری و موزه ها است که نمایش گذشته و امروز کانادا می باشد,اتاوا پایتخت جذاب و دو زبانه کاناداست و دارای مجموعه ای از گالری های هنری و موزه ها است که نمایش گذشته و امروز کانادا می باشد,"کانادا 
","کانادا 
",1,1,1.0,1.0,True,False,1
1859,17350425277015891534.wav,جنگ‌های صلیبی,در اواخر قرون وسطی اروپای غربی شروع به توسعه مد کرد یکی از بزرگترین تحولات آن زمان در نتیجه ی جنگهای صلیبی بود و مردم شروع به استفاده از دکمه برای بستن لباس خود کرده اند,در اواخر قرون وسطی اروپای غربی شروع به توسعه مد کرد یکی از بزرگترین تحولات آن زمان در نتیجه جنگ های صلیبی بود و مردم شروع به استفاده از دکمه برای بستن لباس خود کردند,"جنگهای صلیبی 
","جنگ های صلیبی 
",0,1,0.4,1.0,True,True,1
1935,17439801242165889258.wav,نقشه گنج,با حال چنان چیزی درست نیست با اینکه چیزی پشت سند نوشته شده است این سند نقشه گنج نیست,با بااین حال چنان چیزی درست نیست با اینکه چیزی پشت صنعت نوشته شده است این سند نقشه گنج نیست,"نامشخص 
","نامشخص 
",0,0,0.0,0.0,True,False,1
1968,17519477204715046904.wav,هزینه کروز,برخی کروزها در بروشور خود برلین آلمان را شامل می شوند اما همانطور که می توانید از نقشه ی بالا بریم را مشاهده کنید هیچ قسمتی از این شهر به دریا نزدیک نیست و بازدید از این شهر در هزینه کروز گنجانده نشده است,برخی کروزها در بروشور خود برلین آلمان را شامل می شوند اما همانطور که می توانید از نقشه بالا برین را مشاهده کنید هیچ قسمتی از این شهر به دریا نزدیک نیست و بازدید از این شهر در هزینه کروز گنجانده نشده است,"هزینه کروز 
","هزینه کروز 
",1,1,1.0,1.0,True,False,1
1943,1762427318682099188.wav,صلح و رضایت مطلق,هرچه تنش کمتر باشد هدیه ی نیروی زندگی مثبت تر است هر شخص توانایی این را دارد که صلح و رضایت مطلق را پیدا کند,هرچه تنش کمتر باشد هدیه نیروی زندگی مثبت تر است هر شخص توانایی این را دارد که صلح و رضایت مطلق را پیدا کند,"صلح و رضایت مطلق 
","صلح و رضایت مطلق 
",1,1,1.0,1.0,True,False,1
1921,17646582146635235410.wav,شرایط یخ و برف,از طرف دیگر شرایط دی از طرف دیگر شرایط یخ و برف در بسیاری از کشورها عادی است و عبور و مرور اکثرا بر طول سال بدون بروز وقفه در جریان است,از طرف دیگر شرایط دی از طرف دیگر شرایط یخ و برف در بسیاری از کشورها عادی است و عبور و مرور اکثرا در طول سال بدون بروز وقفه در جریان است,"شرایط یخ و برف 
","شرایط یخ و برف 
",1,1,1.0,1.0,True,False,1
1692,17817445526704484124.wav,سزیم و ید رادیواکتیو,بر اساس آژانس هسته ای ژاپن سزیم و ید رادیواکتیو در نیروگاه یافت شده است,بر اساس آژانس هسته یی ژاپن سزیم و ید رادیواکتیو در نیروگاه یافت شده است,"سزیم و ید 
","سزیم و ید 
",0,0,0.857142857,0.857142857,True,False,0
1819,17836605114982821579.wav,یک سلسله متمایز,چین باستان روش منحصربه فردی برای نشان دادن دوره های زمانی مختلف داشت هر دوره ی زمانی از چین یا هر خانوادهی قدرت را در دست داشت یک سلسله متمایز بود,چین باستان روش منحصربه فردی برای نشان دادن دوره های زمانی مختلف داشت هر دوره زمانی از چین یا هر خانواده قدرت را در دست داشت یک سلسله متمایز بود,"سلسله 
","سلسله 
",0,0,0.5,0.5,True,False,0
1938,17937172805428960138.wav,جدا کردن بیمار از سایرین,این بیمارستان از پروتکلی برای کنترل عفونت استفاده کرده است ازجمله جدا کردن بیمار از سایرین برای جلوگیری از احتمال عفونت سایرین,این بیمارستان از پروتکلی برای کنترل عفونت استفاده کرده است از جمله جدا کردن بیمار از سایرین برای جلوگیری از احتمال عفونت سایرین,"جدا کردن بیمار از سایرین 
","جدا کردن بیمار از سایرین 
",1,1,1.0,1.0,True,False,1
1935,17962426350011437095.wav,نقشه گنج,حال چنان چیزی درست نیست بااینکه چیزی پشت سند نوشته شده است این سند نقشه ی گنج نیست,بااین حال چنان چیزی درست نیست بااینکه چیزی پشت صنعت نوشته شده است این سند نقشه گنج نیست,"نقشه ی گنج 
","نقشه گنج 
",0,1,0.8,1.0,True,True,1
1762,18359769317968284766.wav,پشه ها,خوک ها حامل این بیماری هستند و سپس از طریق پشه ها به انسان ها منتقل می شود,خوک ها حامل این بیماری هستند و سپس از طریق پشه ها به انسان منتقل می شود,"پشه ها 
","پشه ها 
",1,1,1.0,1.0,True,False,1
1895,1901966417083441991.wav,ریشه‌های علمی و فلسفی یونانی‌اش,همچنانکه دانش یونان تنزل پیدا کرد غرب ارتباطش را با ریشه های علمی و فلسفی یا نمیاش قطع کرد,همچنان که دانش یونان تنزل پیدا کرد غرب ارتباطش را با ریشه های علمی و فلسفی یونانی اش قطع کرد,"ریشه های علمی و فلسفی یا 
","ریشه های علمی و فلسفی یونانی 
",0,0,0.769230769,0.923076923,True,True,0
1771,2058075414759593891.wav,تا آخر شب,بخاطر داشته باشید که اگرچه موسیقی در صحنه های نمایش هستی ممکن است خاتمه یافته باشد ممکن است بخش هایی از جشنواره به بخش موسیقی تا آخر شب ادامه دهند,به خاطر داشته باشید که اگرچه موسیقی در صحنه های نمایش اصلی ممکن است خاتمه یافته باشد ممکن است بخش هایی از جشنواره به پخش موسیقی تا آخر شب ادامه دهند,"تا آخر شب 
","تا آخر شب 
",1,1,1.0,1.0,True,False,1
1809,2809723307562836606.wav,یک قید آهنی,وی بله تقریبا از همان اوایل برای نگه داشتن ریل ها در محل خود معرفی شد بااین وجود به تدریج متوجه شده اند که اگر روی ریل بله یک قید آهنی وجود داشته باشد ریل ها بهره وری بیشتری خواهد داشت,ریل بند تقریبا از همان اوایل برای نگه داشتن ریل ها در محل خود معرفی شد بااین وجود به تدریج متوجه شده اند که اگر روی ریل بله یک قید آهنی وجود داشته باشد ریل ها بهره وری بیشتری خواهد داشت,"قید آهنی 
","قید آهنی 
",0,0,0.8,0.8,True,False,0
1727,2817180319637980241.wav,کودک آزاری شدید یا ضربه‌ای عاطفی,کودکان وحشی ممکن است قبل از ترک شدن یا فرار کردن کودک آزاری شدید و ضربه های عاطفی را تجربه کرده باشند,کودکان وحشی ممکن است قبل از ترک شدن یا فرار کردن کودک آزاری شدید یا ضربه عاطفی را تجربه کرده باشند,"کودک آزاری شدید و ضربه های عاطفی 
","کودک آزاری شدید یا ضربه عاطفی 
",0,0,0.714285714,0.923076923,True,True,1
1827,2962181178078021890.wav,100 کیلومتر,پوسته در ضلع نزدیک حدود هفتاد کیلومتر و در سمت دورتر دارای صد کیلومتر ضخامت است,پوسته در ضلع نزدیک حدود هفتاد کیلومتر و در سمت دورتر دارای یکصد کیلومتر ضخامت است,"صد کیلومتر 
","یکصد کیلومتر 
",0,0,0.5,0.5,True,True,1
1847,3068532663174420588.wav,تجارت و تروریسم,وی مورد استقبال معاون نخست وزیر سنگاپور اون کانکس اون قرار گرفت و نخست وزیر سنگاپور نه سیمبون بحث در مورد تجارت و توریسم را آغاز کرد,وی مورد استقبال معاون نخست وزیر سنگاپور اون کانکس اون قرار گرفت و نخست وزیر سنگاپور لی هسین لونگ بحث در مورد تجارت و توریسم را آغاز کرد,"تجارت و توریسم 
","تجارت و توریسم 
",0,0,0.666666667,0.666666667,True,False,1
1988,3075469248036217045.wav,نگرش صلح و انزوا,در دهه یک هزار و نهصد و بیست نگرش غالب در بیشتر شهروندان و ملت ها نگرش صلح و انزوا بود,در دهه یک هزار و نهصد و بیست نگرش غالب در بیشتر شهروندان ملت ها نگرش صلح انزوا بود,"صلح و انزوا 
","صلح انزوا 
",0,0,0.857142857,0.666666667,True,True,0
1998,323510080094106998.wav,دو پای عقب,آنها پاها و پنجه های فلزی دارند تخم می گذارند و مانند یک اسب روی دو پای عقب خود راه می روند,آنها پاها و پنجه های فلسطین دارند تخم می گذارند و مانند یک اسب روی دو پای عقب خود راه می روند,"دو 
","دو 
",0,0,0.5,0.5,True,False,0
1756,3281343886926939106.wav,سوریه,اواخر روز یکشنبه رئیس جمهور ایالات متحده دونالد ترامپ در بیانیه ای از طریق دبیرش مطبوعاتی کاخ سفید اعلام کرد نیروی ایالات متحده از سوریه خارج خواهد شد,اواخر روز یکشنبه رییس جمهور ایالات متحده دونالد ترامپ در بیانیه ای از طریق دبیر مطبوعاتی کاخ سفید اعلام کرد نیروی ایالات متحده از سوریه خارج خواهد شد,"سوریه 
","سوریه 
",1,1,1.0,1.0,True,False,1
1883,3408505601926431097.wav,15 متر,فاصله عمودی زیر برج کنی زحمت است ساخت آن در آگوست دو هزار و یازده به اتمام رسید و مارس دو هزار و هفده بود که برای عبور و مرور به بهره برداری رسید,فاصله عمودی زیر برج پانزده متر است ساخت آن در آگوست دو هزار و یازده به اتمام رسید و مارس دو هزار و هفده بود که برای عبور و مرور به بهره برداری رسید,"نامشخص 
","پانزده متر 
",0,0,0.0,0.5,True,True,1
1842,3524044093034554666.wav,ساقه,ازآنجاکه پرهای این دایناسور میله ای که بخوبی توسعه یافته باشد ندارد که به آن ساقی گفته می شود اما سایر ویژگی های پرها را دارد ریش و موهای ریز لذا محققان چنین استدلال می کنند که پیشرفت تکاملی ساقه احتمالا دیرتر از سایر ویژگی ها بوده است,ازآنجاکه پرهای این دایناسور میله ای که به خوبی توسعه یافته باشد ندارد که به آن ساقی گفته می شود اما سایر ویژگی های پرها را دارد ریش و موهای ریز لذا محققان چنین استدلال می کنند که پیشرفت تکاملی ساقه احتمالا دیرتر از سایر ویژگی ها بوده است,"ساقه 
","ساقه 
",1,1,1.0,1.0,True,False,1
1964,3621461470014954278.wav,پهنه دانلاپ 25,پهنه ی دانمارک به بیست و پنج هنوز وجود دارد و قدیمی ترین نسخه های بازمانده از این سند است نسخه دست نویس اصلی باقی نمانده است,پهنه دانلامپ بیست و پنج هنوز وجود دارد و قدیمی ترین نسخه های بازمانده از این سند است نسخه دست نویس اصلی باقی نمانده است,"پهنه ی دانمارک 
","دانلامپ بیست و پنج 
",0,0,0.333333333,0.0,True,True,1
1771,3635671777256572666.wav,تا آخر شب,بخاطر داشته باشید که اگرچه موسیقی در صحنه های نمایش اصلی ممکن است خاتمه یافته باشد ممکن است بخش هایی از جشنواره به بخش موسیقی تا آخر شب ادامه دهند,به خاطر داشته باشید که اگرچه موسیقی در صحنه های نمایش اصلی ممکن است خاتمه یافته باشد ممکن است بخش هایی از جشنواره به پخش موسیقی تا آخر شب ادامه دهند,"تا آخر شب 
","تا آخر شب 
",1,1,1.0,1.0,True,False,1
1724,3856614241900674648.wav,1100بعد از میلاد مسیح,شهرت آن به دلیل مرکز اشرافیت بودند در حدود سال چهارصد بعد از میلاد مسیح شروع شد و تا حدود یک هزار و سیصد بعد از میلاد ادامه یافت,شهرت آن به دلیل مرکز اشرافیت بودن در حدود سال چهارصد بعد از میلاد مسیح شروع شد و تا حدود یک هزار و سیصد بعد از میلاد ادامه یافت,"یک هزار و سیصد بعد از میلاد مسیح 
","یک هزار و سیصد بعد از میلاد مسیح 
",0,0,0.5,0.5,True,False,0
1700,3921545227918950509.wav,ضخیم‌تر,زیر دریا بارها نازک تر از زیر زمین های مرتفع ضخیم تر است,زیر دریا بارها نازک تر و زیر زمین های مرتفع ضخیم تر است,"ضخیم 
","ضخیم تر 
",0,1,0.666666667,1.0,True,True,1
1769,3922115417651464892.wav,به منظور احترام به فرعون مرده,پدر بزرگ که توسط مصریان در قرن سوم قبل از میلاد ساخته شده یکی از چندین سازه های بزرگه هرمی است که به منظور اهرام فرعون مرده ساخته شده است,هرم بزرگ که توسط مصریان در قرن سوم قبل از میلاد ساخته شده یکی از چندین سازه های بزرگ هرمی است که به منظور اهرام فرعون مرده ساخته شده است,"به منظور اهرام فرعون مرده 
","به منظور اهرام فرعون مرده 
",0,0,0.727272727,0.727272727,True,False,1
1732,4193013430023107419.wav,قرن یازدهم، دوازدهم، و سیزدهم,عصر عصری که این رویدادها در آن اتفاق افتاد را عموما قرون وسطی می نامند دوره ای از تاریخ اروپا در قرن یازدهم دوازدهم و سیزدهم هزار تا هزار و سیصد پس از میلاد,عصر کرد عصری که این رویداد ها در آن اتفاق افتاد را عموما قرون وسطی می نامند دوره ای از تاریخ اروپا به رغم یازدهم دوازدهم و سیزدهم هزار تا هزار و سیصد پس از میلاد,"قرن یازدهم، دوازدهم و سیزدهم 
","یازدهم، دوازدهم و سیزدهم 
",1,0,1.0,0.888888889,True,True,1
1935,4336750096449693082.wav,نقشه گنج,با این حال چنان چیزی درست نیست با اینکه چیزی پشت سند نوشته شده است این سند نقشه ی گنج نیست,با حال چنان چیزی درست نیست با اینکه چیزی پشت سند نوشته شده است این سند نقشه گنج نیست,"نقشه ی گنج 
","نامشخص 
",0,0,0.8,0.0,True,True,1
1933,4346452366536068677.wav,حشرات، جوندگان، مارمولک‌ها و پرندگان,در نهایت بسیاری از گربه های کوچک از جمله گربه های خانگی تنبل وجود دارند که تعداد زیادی از دام های کوچک مانند حشرات جوندگان مارمولک ها و پرندگان را می خورند,در نهایت بسیاری از گربه های کوچک از جمله گربه های خانگی تنبل وجود دارند که تعداد زیادی از تومورهای کوچک مانند حشرات جوندگان مارمولک ها و پرندگان را می خورند,"حشرات، جوندگان، مارمولک ها و پرندگان 
","حشرات، جوندگان، مارمولک ها و پرندگان 
",1,1,1.0,1.0,True,False,1
2003,4715204737254687515.wav,سمت مقابل لب ساحل کاولون,برای داشتن بهترین نما از حموم کن جزیره را ترک کنید و به سمت مقابل لب ساحل کابل اون حرکت کنید,برای داشتن بهترین نما از هنگ کنگ جزیره را ترک کنید و به سمت مقابل لب ساحل کابل اون حرکت کنید,"نامشخص 
","سمت مقابل لب ساحل کابل 
",0,0,0.0,0.8,True,True,1
1950,5088900515336129831.wav,سینترا,در شمال و در منطقه ای که دسترسی به آن آسان است شهر عاشقانه و جذاب سینترا واقع شده است که پس از آن توسط رو لرد بایرون با شکوه و جلال بصورت پر زرق و برق ثبت شد برای خارجی ها مشهور شد,در شمال و در منطقه ای که دسترسی به آن آسان است شهر عاشقانه و جذاب سینترا واقع شده است که پس از آن توسط رو لرد بایرون با شکوه و جلال به صورت پر زرق و برق ثبت شد برای خارجی ها مشهور شد,"سینترا 
","سینترا 
",1,1,1.0,1.0,True,False,1
1730,5095576205682822896.wav,06:30 و 07:30,اتوبوس ها در سراسر روز از ایستگاه بین منطقه ای روبروی رودخانه عزیمت می کنند ولی اکثر آنها به ویژه با مقصد شرق و جاکار بمب هنگ بین ساعت های شش و نیم و هفت و نیم حرکت می کنند,اتوبوس ها در سراسر روز از ایستگاه بین منطقه ای روبروی رودخانه عزیمت می کنند ولی اکثر آنها به ویژه با مقصد شرق و جاکار بمب هی بین ساعت های شش و نیم و هفت و نیم حرکت می کنند,"شش و نیم تا هفت و نیم 
","شش و نیم تا هفت و نیم 
",0,0,0.166666667,0.166666667,True,False,1
1961,5301346122845198071.wav,موارد تأسف‌بار کودکانی,یکی از معمول ترین روش هایی که برای شهر اهمیت جامعه پذیری استفاده می شود کمک گرفتن از موارد تاسفبار کودکانی است که در جریان رشد بخاطر غفلت بداقبالی یا تعرض عمدی از بزرگسالان جامعه پذیر را یاد نه گرفته اند,یکی از معمول ترین روش هایی که برای شهر اهمیت جامعه پذیری استفاده می شود کمک گرفتن از موارد تاسفبار کودکانی است که در جریان رشد به خاطر غفلت بداقبالی یا تعرض عمدی از بزرگسالان جامعه پذیر را یاد گرفته اند,"موارد تاسفبار کودکانی که در جریان رشد بخاطر غفلت بداقبالی یا تعرض عمدی از بزرگسالان جامعه پذیری را یاد نگرفته اند. 

","موارد تاسفبار کودکانی که در جریان رشد به خاطر غفلت بداقبالی یا تعرض عمدی از بزرگسالان جامعه پذیر را یاد گرفته اند. 

",0,0,0.16,0.153846154,True,True,0
1994,5342715779358900373.wav,یکی از زبان‌های رومی,نیازی به گفتن نیست اگر یکی از زبان های رومی را بلد باشید یادگیری زبان پرتغالی برای شما آسانتر خواهد بود,نیازی به گفتن نیست اگر یکی از زبان های رومی را بلد باشید یادگیری زبان پرتغالی برای شما آسان تر خواهد بود,"زبان های رومی 
","زبان های رومی 
",0,0,0.75,0.75,True,False,0
1981,5376627208047967832.wav,ویزای مجزا,اگه فقط توسط کشتی های تفریحی در ساحل پهلو بگیرید نیازی به ویزای مجزا نخواهید داشت از سال دو هزار و نه,اگر فقط توسط کشتی های تفریحی در ساحل پهلو بگیرید نیازی به ویزای مجزا نخواهید داشت از سال دو هزار و نه,"ویزا 
","ویزا 
",0,0,0.0,0.0,True,False,0
1977,5795647990100688434.wav,یک تا سه نر بالغ مرتبط,پرایدها از یک تا سه نر بالغ مرتبط به همراه سی ماده و توله تشکیل می شوند,فایل ها از یک تا سه نر بالغ مرتبط به همراه سی ماده و توله تشکیل می شوند,"یک تا سه 
","یک تا سه 
",0,0,0.666666667,0.666666667,True,False,0
1867,5796237861001747857.wav,دی اکسید کربنی,گیاهان اکسیژنی که انسان از آن نفس می کشد تولید می کنند و دی اکسید کربنی که انسان بیرون می دهد یعنی بازدم را دریافت می کنند,گیاهان اکسیژنی که انسان از آن نفس می کشد تولید می کنند و دی اکسید کربنی که انسان بیرون می دهد یعنی بازده را دریافت می کنند,"دی اکسید کربن 
","دی اکسید کربن 
",0,0,0.666666667,0.666666667,True,False,0
1844,5879341739337754837.wav,پوسته,سطح کره ی ماه را صخره و خاک تشکیل داده است لایه ی بیرونی ما پوشیده نامیده می شود سطح کره ماه را صخره و خاک تشکیل داده است لایه های بیرونی ما پوسته نامیده می شود,سطح کره ماه را صخره و خاک تشکیل داده است لایه ی بیرونی ما پوشیده نامیده می شود سطح کره ماه را صخره و خاک تشکیل داده است لایه های بیرونی ما پوسته نامیده می شود,"پوسته 
","پوسته 
",1,1,1.0,1.0,True,False,1
1959,5886023798121814602.wav,از علائم پیروی کنید,با این حال به نصیحت های مسئولین گوش دهید از علایم پیروی کنین و به هشدارهای ایمنی با دقت توجه کنید,با بااین حال به نصیحت های مسئولین گوش دهید از علایم پیروی کنید و به هشدارهای ایمنی با دقت توجه کنید,"پیروی کنین 
","پیروی از علایم 
",0,0,0.333333333,0.571428571,True,True,0
1931,5919523805532976099.wav,داده‌ها و الزامات صوتی راه دور,این خدمات به کرات توسط کشتی ها استفاده می شود ازجمله قایق های تفریحی و سیاحتی که دارای داده ها و الزامات صوتی راه دور می باشند,این خدمات به کرات توسط کشتی ها استفاده می شود از جمله قایق های تفریحی و سیاحتی که دارای داده ها و الزامات صوتی راه دور می باشند,"داده ها و الزامات صوتی راه دور 
","داده ها و الزامات صوتی راه دور 
",1,1,1.0,1.0,True,False,1
1874,6038523943355594522.wav,منظومه شمسی از جمله خورشید (و حتی دیگر ستاره‌ها),برخی فکر می کردند او درست می گوید اما بسیاری از افراد باور مخالف او داشته اند اینکه منظومه شمسی از جمله خورشید و حتی دیگر ستاره ها به دور زمین می چرخند,برخی فکر می کردند او درست می گوید اما بسیاری از افراد باور مخالف داشته اند اینکه منظومه شمسی از جمله خورشید و حتی دیگر ستاره ها به دور زمین می چرخند,"خورشید و دیگر ستاره ها 
","منظومه شمسی از جمله خورشید و دیگر ستاره ها 
",0,0,0.666666667,0.947368421,True,True,0
1734,6294053025600538193.wav,به شکلی یکسان با ماده معمول,دانشمندان توانسته اند نتیجه بگیرند که ماده ی تاریک به شکل یکسان با ماده معمول بر ماده ی تاریک دیگر تاثیر می گذارد,دانشمندان توانستند نتیجه بگیرند که ماده ی تاریک به شکل یکسان با ماده معمول بر ماده تاریک دیگر تاثیر می گذارد,"به شکل یکسان 
","به شکل یکسان 
",0,0,0.444444444,0.444444444,True,False,0
1718,6483649118270790985.wav,100 سال,تعریف جهانی برای عتیقه دانستن اقوام ساخته شده وجود ندارد بعضی از نهادهای مالیاتی کالاهای قدیمی تر از صدسال را عتیقه می نهادند,تعریف جهانی برای عتیقه دانستن اقوام ساخته شده وجود ندارد بعضی از نهادهای مالیاتی کالاهای قدیمی تر از صد سال را عتیقه می دادند,"صد 
","صد 
",0,0,0.0,0.0,True,False,0
2002,6512478082078159355.wav,دستگاه,این به بازیکنان امکان خواهد داد تا اقدامات و حرکات را در بازی های ویدئویی توسط حرکت دستگاه ها در هوا کنترل کنند,این به بازیکنان امکان خواهد داد تا اقدامات و حرکات را در بازی های ویدیویی توسط حرکت دستگاه ها در هوا کنترل کنند,"دستگاه ها 
","دستگاه ها 
",0,0,0.666666667,0.666666667,True,False,1
1959,6514279094143182740.wav,از علائم پیروی کنید,با حال به نصیحت های مسئولین گوش دهید از علایم پیروی کنید و به هشدارهای ایمنی با دقت توجه کنید,بااین حال به نصیحت های مسئولین گوش دهید از علایم پیروی کنید و به هشدارهای ایمنی با دقت توجه کنید,"پیروی از علایم 
","پیروی از علایم 
",0,0,0.571428571,0.571428571,True,False,0
1941,6522870415805531937.wav,طرح فرزندخواندگی,این زوج ها می توانند طرح فرزند خواندگی این زوج ها می توانند طرح فرزندخواندگی را برای نوزادشان ترتیب دهند,این زوج ها می توانند طرح فرزندخواندگی این زوج ها می توانند طرح فرزند خواندگی را برای نوزادشان ترتیب دهند,"طرح فرزندخواندگی 
","طرح فرزندخواندگی 
",1,1,1.0,1.0,True,False,1
1895,6567608935263252885.wav,ریشه‌های علمی و فلسفی یونانی‌اش,که دانش یونان تنزل پیدا کرد غرب ارتباطش را با ریشه های علمی و فلسفی یونانی قطع کرد,همچنان که دانش یونان تنزل پیدا کرد غرب ارتباطش را با ریشه های علمی و فلسفی یونانی اش قطع کرد,"ریشه های علمی و فلسفی یونانی 
","ریشه های علمی و فلسفی یونانی 
",0,0,0.923076923,0.923076923,True,False,0
1819,6764476906310917613.wav,یک سلسله متمایز,چین باستان روش منحصربه فردی برای نشان دادن دوره های زمانی مختلف داشت هر دوره ی زمانی از چین یا هر خانواده که قدرت را در دست داشت یک سلسله متمایز بود,چین باستان روش منحصربه فردی برای نشان دادن دوره های زمانی مختلف داشت هر دوره زمانی از چین یا هر خانواده که قدرت را در دست داشت یک سلسله متمایز بود,"سلسله 
","سلسله 
",0,0,0.5,0.5,True,False,0
1741,6897553686231424242.wav,کاملاً کم جمعیت,نواحی بزرگ در نواحی شمالی تر کاملا کم جمعیت هستند و برخی نیز تقریبا نواحی وحشیه غیرمسکونی هستند,نواحی بزرگ در نواحی شمالی تر کاملا کم جمعیت هستند و برخی نیز تقریبا نواحی وحشی غیر مسکونی هستند,"کم جمعیت و برخی نواحی وحشیه غیرمسکونی 
","کم جمعیت  
",0,0,0.4,0.8,True,True,0
1676,7087592459980247670.wav,هزینه,مانند همه ی پارک های ملی آفریقای جنوبی حفاظت روزانه و ورود به این پارک نیز مشمول هزینه است,مانند همه پارک های ملی آفریقای جنوبی حفاظت روزانه و ورود به این پارک نیز مشمول هزینه است,"حفاظت روزانه و ورود 
","حفاظت روزانه و ورود 
",0,0,0.0,0.0,True,False,0
1748,7196952427159587289.wav,11:35 بعدازظهر,خدمه ی گروه آتش نشانی و نجات سرانجام در ساعت یازده و سی و پنج دقیقه بعدازظهر آتش را خاموش کردند,خدمه گروه آتش نشانی و نجات سرانجام در ساعت یازده و سی و پنج دقیقه بعدازظهر آتش را خاموش کردند,"یازده و سی و پنج دقیقه بعدازظهر 
","یازده و سی و پنج دقیقه بعدازظهر 
",0,0,0.2,0.2,True,False,1
1913,7460890769989269776.wav,جمله ای از کلمات غرولندی,غرش ببر مانند صدای کامل غرش یک شیر نیست بلکه بیشتر شبیه به جمله ای از کلمات غرولند است,غرش ببر مانند صدای کامل غرش یک شیر نیست بلکه بیشتر شبیه به جمله ای از کلمات غرولندی است,"غرولند 
","جمله ای از کلمات غرولندی 
",0,1,0.0,1.0,True,True,1
1914,7611514232975915816.wav,دو منبع,تحقیقات ببرم تحقیقات قرن بیستم نشان داد که دو منبع تغییرات ژنتیکی وجود دارد پنهان و بیان شده,تحقیقات باقر تحقیقات قرن بیستم نشان داد که دو منبع تغییرات ژنتیکی وجود دارد پنهان و بیان شده,"دو 
","دو 
",0,0,0.666666667,0.666666667,True,False,0
1912,8053860906748095507.wav,سواحل تفریحی لوکس,بیشتر جزایر کوچکترند کشورهای مستقلی هستند یا با فرانسه در ارتباط هستند و به عنوان سواحل تفریحی لوکس شناخته می شوند,بیشتر جزایر کوچک ترن کشورهای مستقلی هستند یا با فرانسه در ارتباط هستند و به عنوان سواحل تفریحی لوکس شناخته می شوند,"سواحل تفریحی لوکس 
","سواحل تفریحی لوکس 
",1,1,1.0,1.0,True,False,1
1808,8084767726935538848.wav,جنگ سرد,باتوجه به دو سال آخر جنگ حالا متحدان سابق دشمن شده بودند و جنبه و جنگ سرد آغاز شد,باتوجه به دو سال آخر جنگ حالا متحدان سابق دشمن شده بودند و و جنگ سرد آغاز شد,"جنگ سرد 
","جنگ سرد 
",1,1,1.0,1.0,True,False,1
1833,8132249247444339159.wav,خاک، آب، هوا و آتش,ارسطو فیلسوف فرضیه ای بیان نمود مبنی بر اینکه همه چیز از ترکیب یک یا تعداد بیشتری از چهار عنصر ساخته شده است این عناصر خاک آب هوا و آتش بودند,ارسطو فیلسوف فرضیه های بیان نمود مبنی بر اینکه همه چیز از ترکیب یک یا تعداد بیشتری از چهار عنصر ساخته شده است این عناصر خاک آب هوا و آتش بوده اند,"خاک، آب، هوا و آتش 
","خاک، آب، هوا و آتش 
",1,1,1.0,1.0,True,False,1
1884,837386491108778241.wav,فرد دروغ می‌گوید,بویژه ادعا می شود که با تصویر صحیح عبارات کوچک می توان تشخیص داد که فرد دروغ می گوید,ویژه ادعا می شود که با تصویر صحیح عبارات کوچک می توان تشخیص داد که فرد دروغ می گوید,"فرد دروغگو 
","فرد دروغگو 
",0,0,0.333333333,0.333333333,True,False,1
2008,8480228765603798889.wav,نجات جنگل‌های باقیمانده جهان,سایر مباحث موجود در باری شامل نجات جنگل های باقیمانده ی جهان و به اشتراک گذاری فناوری هایی برای کمک به کشورهای در حال توسعه و به شیوه هایی است که آلایندگی کمتری ایجاد کنند,سایر مباحث موجود در قالی شامل نجات جنگل های باقیمانده ی جهان و به اشتراک گذاری فناوری هایی برای کمک به کشورهای در حال توسعه و به شیوه هایی است که آلایندگی کمتری ایجاد کنند,"نجات جنگل های باقیمانده ی جهان 
","نگهداری جنگل های باقیمانده ی جهان 
",0,0,0.909090909,0.727272727,True,True,1
1723,9057728932660996604.wav,1889,این بندر به خاطر توقف حمله ی ناوگان در سال یک هزار و هشتصد و هشتاد و نه شهرت دارد یعنی زمانیکه هفت کشمیر کشتی آلمان ایالات متحده و بریتانیا بندر را ترک نکرده اند,این بندر به خاطر توقف حمله ناوگان در سال یک هزار و هشتصد و هشتاد و نه شهرت دارد یعنی زمانی که هفت کشمی کشتی آلمان ایالات متحده و بریتانیا بندر را ترک نکرده اند,"یک هزار و هشتصد و هشتاد و نه 
","یک هزار و هشتصد و هشتاد و نه 
",0,0,0.0,0.0,True,False,1
1869,9656348232787887074.wav,70 دندان,آرواره های بلند آن با بیش از هفتاد دندان به تیزی تیغ همراه با یک مجموعه اضافه بر سقف دهانش پر شده بود و معنی آن اینست که برای هر چیزیه که از مسیر آن عبور کند فراری وجود ندارد,آرواره های بلند آن با بیش از هفتاد دندان به تیزی تیغ همراه با یک مجموعه اضافه بر سقف دهانش پر شده بود و معنی آن این است که برای هر چیزیه که از مسیر آن عبور کند فراری وجود ندارد,"70 
","70 
",0,0,0.666666667,0.666666667,True,False,0
1834,978868561345971999.wav,تجلی مریم,همچنین در شمال از بسته بزرگ بانو فاطمه حرم بازدید کنید مکانی که در سراسر جهان به تجلی مریم معروف است,همچنین در شمال از بسته بزرگ بانو فاطمه حرم بازدید کنیم مکانی که در سراسر جهان به تجلی مریم معروف است,"تجلی مریم 
","تجلی مریم 
",1,1,1.0,1.0,True,False,1
1764,9923184072053935233.wav,میدان سنت پیتر,تعداد افراد حاضر آنقدر زیاد بود که امکان دسترسی همه به مراسم خاکسپاری در میدان سن پیتر ممکن نبود,تعداد افراد حاضر آنقدر زیاد بود که امکان دسترسی همه به مراسم خاکسپاری در میدان سنت پیتر ممکن نبود,"میدان سن پیتر 
","میدان سنت پیتر 
",0,1,0.666666667,1.0,True,True,1
1702,9961503230555554236.wav,دو هفته,تنها در عرض دو هفته آمریکایی ها و نیروهای فرانسه آزاد موفق شده اند جنوب فرانسه را آزاد کرده و به سمت آلمان تغییر مسیر دهند,تنها در عرض دو هفته آمریکایی ها و نیروهای فرانسه آزاد موفق شدند جنوب فرانسه را آزاد کرده و به سمت آلمان تغییر مسیر دهند,"دو هفته 
","دو هفته 
",1,1,1.0,1.0,True,False,1
2000,9971021709851366909.wav,محل کابین,اگر در زمستان از دریای بالتیک شمالی عبور می کنید محل کابین را بررسی کنید زیرا هنگام عبور از یخ برای کسانی که بیشتر تحت تاثیر قرار گرفته باشند صداهایی نسبتا وحشتناک شنیده می شود,اگر در زمستان از دریای بالتیک شمالی عبور می کنید محل کابین را بررسی کنید زیرا هنگام عبور از یخ برای کسانی که بیشتر تحت تاثیر قرار گرفته باشند صداهای نسبتا وحشتناک شنیده می شود,"محل کابین 
","محل کابین 
",1,1,1.0,1.0,True,False,1
