id,file_name,split,correction_key,correction_value,primary_text,target_alternative,primary_wer,target_wer,selected_text,selected_wer,target_recovered,wrong_alternative_selected,no_memory_changed,irrelevant_context_changed,answer_preserved_before,answer_preserved_after
1720,621633057978356932.wav,development,آن,عالی,شکلات داغ در حد استاندارد‌های بلژیکی است آبمیوه‌های گران‌قیمت ولی آن می‌باشند,شکلات داغ در حد استاندارد‌های بلژیکی است آبمیوه‌های گران‌قیمت ولی عالی می‌باشند,0.26666666666666666,0.2,شکلات داغ در حد استاندارد‌های بلژیکی است آبمیوه‌های گران‌قیمت ولی عالی می‌باشند,0.2,True,False,False,False,False,True
1955,5361993241238446472.wav,development,تاثیر,تأثیر,اس نوعی بیماری است که بر سیستم عصبی مرکزی تاثیر می‌گذارد که از مغز نخاع و عصب بینایی تشکیل‌شده است,اس نوعی بیماری است که بر سیستم عصبی مرکزی تأثیر می‌گذارد که از مغز نخاع و عصب بینایی تشکیل‌شده است,0.09090909090909091,0.045454545454545456,اس نوعی بیماری است که بر سیستم عصبی مرکزی تاثیر می‌گذارد که از مغز نخاع و عصب بینایی تشکیل‌شده است,0.09090909090909091,False,False,False,False,True,True
1955,5517678376690366496.wav,development,تاثیر,تأثیر,اس نوعی بیماری است که بر سیستم عصبی مرکزی تاثیر می‌گذارد که از مغز نخاع و اعصاب بینایی تشکیل‌شده است,اس نوعی بیماری است که بر سیستم عصبی مرکزی تأثیر می‌گذارد که از مغز نخاع و اعصاب بینایی تشکیل‌شده است,0.13636363636363635,0.09090909090909091,اس نوعی بیماری است که بر سیستم عصبی مرکزی تاثیر می‌گذارد که از مغز نخاع و اعصاب بینایی تشکیل‌شده است,0.13636363636363635,False,False,False,False,False,False
1836,11834677696459450950.wav,development,همه‌ی,همه,مردم از روزگار باستان عناصر شیمیایی بنیادی مثل طلا نقره و مس را می‌شناختند زیرا همه‌ی این عناصر را می‌توان به شکل خالص در طبیعت یافت و استخراج آنها با ابزارهای ابتدایی نسبتا ساده است,مردم از روزگار باستان عناصر شیمیایی بنیادی مثل طلا نقره و مس را می‌شناختند زیرا همه این عناصر را می‌توان به شکل خالص در طبیعت یافت و استخراج آنها با ابزارهای ابتدایی نسبتا ساده است,0.02702702702702703,0.0,مردم از روزگار باستان عناصر شیمیایی بنیادی مثل طلا نقره و مس را می‌شناختند زیرا همه این عناصر را می‌توان به شکل خالص در طبیعت یافت و استخراج آنها با ابزارهای ابتدایی نسبتا ساده است,0.0,True,False,False,False,True,True
1923,16899855698602897552.wav,held_out,در چنین,گرچه,در چنین محاصره در کل قوانین بین‌المللی که در دو قرن گذشته توسط چندین توافقنامه بین‌المللی پذیرفته‌شده بود را لغو می‌کرد اما ثابت شد که قطع منابع حیاتی نظامی و غیر نظامی یک استراتژی اثربخش بوده است,گرچه محاصره در کل قوانین بین‌المللی که در دو قرن گذشته توسط چندین توافقنامه بین‌المللی پذیرفته‌شده بود را لغو می‌کرد اما ثابت شد که قطع منابع حیاتی نظامی و غیر نظامی یک استراتژی اثربخش بوده است,0.125,0.1,گرچه محاصره در کل قوانین بین‌المللی که در دو قرن گذشته توسط چندین توافقنامه بین‌المللی پذیرفته‌شده بود را لغو می‌کرد اما ثابت شد که قطع منابع حیاتی نظامی و غیر نظامی یک استراتژی اثربخش بوده است,0.1,True,False,False,False,False,False
1760,15316544692070403108.wav,development,دوره‌ی,دوره,ماساژور برترین شکارچی در دوره‌ی خود بود به همین خاطر از هیچ چیزی نمی‌ترسید مگر سایر مسافرها,ماساژور برترین شکارچی در دوره خود بود به همین خاطر از هیچ چیزی نمی‌ترسید مگر سایر مسافرها,0.2222222222222222,0.16666666666666666,ماساژور برترین شکارچی در دوره خود بود به همین خاطر از هیچ چیزی نمی‌ترسید مگر سایر مسافرها,0.16666666666666666,True,False,False,False,False,False
1987,11353036975474457907.wav,development,رخداد,رخ‌داده,برخورد در بالای زمین‌های کوهستانی رخداد و اعتقاد می‌رود که در نتیجه شلیک نیروهای دشمن بوده است,برخورد در بالای زمین‌های کوهستانی رخ‌داده و اعتقاد می‌رود که در نتیجه شلیک نیروهای دشمن بوده است,0.1,0.05,برخورد در بالای زمین‌های کوهستانی رخ‌داده و اعتقاد می‌رود که در نتیجه شلیک نیروهای دشمن بوده است,0.05,True,False,False,False,True,True
1913,17260900713464587563.wav,development,ست,است,غرش ببر مانند صدای کامل غرش یک شیر نیست بلکه بیشتر شبیه به جمله‌ای از کلمات غرولندی ست,غرش ببر مانند صدای کامل غرش یک شیر نیست بلکه بیشتر شبیه به جمله‌ای از کلمات غرولندی است,0.05263157894736842,0.0,غرش ببر مانند صدای کامل غرش یک شیر نیست بلکه بیشتر شبیه به جمله‌ای از کلمات غرولندی ست,0.05263157894736842,False,False,False,False,True,True
1692,5814316723260501028.wav,development,سزیوم,سزیم,بر اساس آژانس هسته‌ای ژاپن سزیوم و ید رادیواکتیو در این نیروگاه یافت شده است,بر اساس آژانس هسته‌ای ژاپن سزیم و ید رادیواکتیو در این نیروگاه یافت شده است,0.0625,0.0,بر اساس آژانس هسته‌ای ژاپن سزیم و ید رادیواکتیو در این نیروگاه یافت شده است,0.0,True,False,False,False,False,True
1766,10130894543333251273.wav,development,اشاره,اشاره‌ای,وضعیت ما هسته‌های ناپایداری دارند یعنی بدون اشاره یا با اشاره کوچک تمایل به فروپاشی دارند,وضعیت ما هسته‌های ناپایداری دارند یعنی بدون اشاره یا با اشاره‌ای کوچک تمایل به فروپاشی دارند,0.21052631578947367,0.15789473684210525,وضعیت ما هسته‌های ناپایداری دارند یعنی بدون اشاره یا با اشاره کوچک تمایل به فروپاشی دارند,0.21052631578947367,False,False,False,False,True,True
1899,4022438040290244360.wav,held_out,بنام,به نام,محمد عمیقا به امور فراتر از این زندگی دنیوی علاقه‌مند بود او عادت داشت که برای تامل بخاری بنام حرا در کوه نور برود,محمد عمیقا به امور فراتر از این زندگی دنیوی علاقه‌مند بود او عادت داشت که برای تامل بخاری به نام حرا در کوه نور برود,0.14814814814814814,0.07407407407407407,محمد عمیقا به امور فراتر از این زندگی دنیوی علاقه‌مند بود او عادت داشت که برای تامل بخاری به نام حرا در کوه نور برود,0.07407407407407407,True,False,False,False,True,True
1875,177973837768323346.wav,held_out,اقیانوس‌ها,اقیانوسها,بیست درصد کامل از آبی که از رودخانه‌های زمین به اقیانوس‌ها می‌ریزد از رودخانه‌ی آمازون می‌آید,بیست درصد کامل از آبی که از رودخانه‌های زمین به اقیانوسها می‌ریزد از رودخانه‌ی آمازون می‌آید,0.15789473684210525,0.05263157894736842,بیست درصد کامل از آبی که از رودخانه‌های زمین به اقیانوس‌ها می‌ریزد از رودخانه‌ی آمازون می‌آید,0.15789473684210525,False,False,False,False,True,True
1867,18404955367883686346.wav,development,کربن,کربنی,گیاهان اکسیژنی که انسان از آن نفس می‌کشد تولید می‌کند و دی‌اکسید کربن که انسان بیرون می‌دهد یعنی بازم را دریافت می‌کنند,گیاهان اکسیژنی که انسان از آن نفس می‌کشد تولید می‌کند و دی‌اکسید کربنی که انسان بیرون می‌دهد یعنی بازم را دریافت می‌کنند,0.1111111111111111,0.07407407407407407,گیاهان اکسیژنی که انسان از آن نفس می‌کشد تولید می‌کند و دی‌اکسید کربنی که انسان بیرون می‌دهد یعنی بازم را دریافت می‌کنند,0.07407407407407407,True,False,False,False,False,True
1812,10124979281588232806.wav,held_out,بااینکه,با اینکه,بااینکه به نظر می‌رسد یک واکسن تجربی بتواند میزان مرگ و مرگ و میر ایبولا را کاهش دهد تا به امروز هیچ دوره‌ای نبوده که به وضوح ثابت شود برای درمان عفونت کنونی است,با اینکه به نظر می‌رسد یک واکسن تجربی بتواند میزان مرگ و مرگ و میر ایبولا را کاهش دهد تا به امروز هیچ دوره‌ای نبوده که به وضوح ثابت شود برای درمان عفونت کنونی است,0.21212121212121213,0.18181818181818182,با اینکه به نظر می‌رسد یک واکسن تجربی بتواند میزان مرگ و مرگ و میر ایبولا را کاهش دهد تا به امروز هیچ دوره‌ای نبوده که به وضوح ثابت شود برای درمان عفونت کنونی است,0.18181818181818182,True,False,False,False,True,True
1912,18135781342363716901.wav,development,هستم,هستند,بیشتر جزایر کوچکتر کشورهای مستقلی هستند یا با فرانسه در ارتباط هستم و به عنوان سواحل تفریحی لوکس شناخته می‌شود,بیشتر جزایر کوچکتر کشورهای مستقلی هستند یا با فرانسه در ارتباط هستند و به عنوان سواحل تفریحی لوکس شناخته می‌شود,0.14285714285714285,0.09523809523809523,بیشتر جزایر کوچکتر کشورهای مستقلی هستند یا با فرانسه در ارتباط هستند و به عنوان سواحل تفریحی لوکس شناخته می‌شود,0.09523809523809523,True,False,False,False,True,True
1808,16433313656447018036.wav,development,باتوجه,با توجه,باتوجه به دو سال آخر جنگ حالا متحدان سابق دشمن شده بودند و جنگ سرد آغاز شد,با توجه به دو سال آخر جنگ حالا متحدان سابق دشمن شده بودند و جنگ سرد آغاز شد,0.1111111111111111,0.0,با توجه به دو سال آخر جنگ حالا متحدان سابق دشمن شده بودند و جنگ سرد آغاز شد,0.0,True,False,False,False,True,True
1866,5942577135112717362.wav,development,که,اینکه,نخست که اغلب به موتورسواران چکمه موتورسواری می‌پوشند که پاشنه دارد و پنجه آن صاف و کاملا باریک است,نخست اینکه اغلب به موتورسواران چکمه موتورسواری می‌پوشند که پاشنه دارد و پنجه آن صاف و کاملا باریک است,0.15789473684210525,0.10526315789473684,نخست که اغلب به موتورسواران چکمه موتورسواری می‌پوشند که پاشنه دارد و پنجه آن صاف و کاملا باریک است,0.15789473684210525,False,False,False,False,True,True
1982,6669111672258260823.wav,held_out,کردند,کرده‌اند,زنان توصیه می‌شود که مسافران زن فارغ از وضعیت واقعی تاهل شان بگویند که ازدواج کردند,زنان توصیه می‌شود که مسافران زن فارغ از وضعیت واقعی تاهل شان بگویند که ازدواج کرده‌اند,0.1111111111111111,0.0,زنان توصیه می‌شود که مسافران زن فارغ از وضعیت واقعی تاهل شان بگویند که ازدواج کرده‌اند,0.0,True,False,False,False,False,True
1970,6612199426570352790.wav,development,باشم,باشد,مطمئن نیستیم اما شاید زبانی دوشاخه داشته است قضای آن شامل و کشته‌ها ماهی‌های بزرگ و سایر مسافرها بود و حتی ممکن است همجنس خوار نیز بوده باشم,مطمئن نیستیم اما شاید زبانی دوشاخه داشته است قضای آن شامل و کشته‌ها ماهی‌های بزرگ و سایر مسافرها بود و حتی ممکن است همجنس خوار نیز بوده باشد,0.16666666666666666,0.13333333333333333,مطمئن نیستیم اما شاید زبانی دوشاخه داشته است قضای آن شامل و کشته‌ها ماهی‌های بزرگ و سایر مسافرها بود و حتی ممکن است همجنس خوار نیز بوده باشد,0.13333333333333333,True,False,False,False,False,False
2008,8480228765603798889.wav,development,قالی,بالی,سایر مباحث موجود در قالی شامل نجات جنگل‌های باقیمانده‌ی جهان و به اشتراک‌گذاری فناوری‌هایی برای کمک به کشورهای در حال توسعه و به شیوه‌هایی است که آلایندگی کمتری ایجاد کنند,سایر مباحث موجود در بالی شامل نجات جنگل‌های باقیمانده‌ی جهان و به اشتراک‌گذاری فناوری‌هایی برای کمک به کشورهای در حال توسعه و به شیوه‌هایی است که آلایندگی کمتری ایجاد کنند,0.14705882352941177,0.11764705882352941,سایر مباحث موجود در بالی شامل نجات جنگل‌های باقیمانده‌ی جهان و به اشتراک‌گذاری فناوری‌هایی برای کمک به کشورهای در حال توسعه و به شیوه‌هایی است که آلایندگی کمتری ایجاد کنند,0.11764705882352941,True,False,False,False,False,False
1714,14719594757767271892.wav,held_out,جعبه,جو,این ماهواره توسط یک موشک به فضا فرستاده شد دانشمندان از تلسکوپ‌ها در فضا استفاده می‌کنند زیرا جعبه زمین برخی از نورها و تصاویر را تحریف می‌کند,این ماهواره توسط یک موشک به فضا فرستاده شد دانشمندان از تلسکوپ‌ها در فضا استفاده می‌کنند زیرا جو زمین برخی از نورها و تصاویر را تحریف می‌کند,0.03333333333333333,0.0,این ماهواره توسط یک موشک به فضا فرستاده شد دانشمندان از تلسکوپ‌ها در فضا استفاده می‌کنند زیرا جو زمین برخی از نورها و تصاویر را تحریف می‌کند,0.0,True,False,False,False,False,True
1933,4346452366536068677.wav,development,تومورهای,گام‌های,در نهایت بسیاری از گربه‌های کوچک از جمله گربه‌های خانگی تنبل وجود دارند که تعداد زیادی از تومورهای کوچک مانند حشرات جوندگان مارمولک‌ها و پرندگان را می‌خورند,در نهایت بسیاری از گربه‌های کوچک از جمله گربه‌های خانگی تنبل وجود دارند که تعداد زیادی از گام‌های کوچک مانند حشرات جوندگان مارمولک‌ها و پرندگان را می‌خورند,0.0625,0.03125,در نهایت بسیاری از گربه‌های کوچک از جمله گربه‌های خانگی تنبل وجود دارند که تعداد زیادی از گام‌های کوچک مانند حشرات جوندگان مارمولک‌ها و پرندگان را می‌خورند,0.03125,True,False,False,False,True,True
1977,8519633084040579112.wav,held_out,می‌شود,می‌شوند,پرایدها از یک تا سه نر بالغ مرتبط به همراه سی ماده و توله تشکیل می‌شود,پرایدها از یک تا سه نر بالغ مرتبط به همراه سی ماده و توله تشکیل می‌شوند,0.058823529411764705,0.0,پرایدها از یک تا سه نر بالغ مرتبط به همراه سی ماده و توله تشکیل می‌شوند,0.0,True,False,False,False,True,True
1820,8752191841423225731.wav,development,خدا,خود را روی,امروزه مردم پیام‌های خدا روی صفحه نمایش رایانه می‌نویسند و هیچوقت مجبور نیستم به مدادتراش نزدیک شوم,امروزه مردم پیام‌های خود را روی روی صفحه نمایش رایانه می‌نویسند و هیچوقت مجبور نیستم به مدادتراش نزدیک شوم,0.36363636363636365,0.3181818181818182,امروزه مردم پیام‌های خود را روی روی صفحه نمایش رایانه می‌نویسند و هیچوقت مجبور نیستم به مدادتراش نزدیک شوم,0.3181818181818182,True,False,False,False,True,True
1820,2056065014717179349.wav,development,نیستم,نیستند,امروزه مردم پیام‌های خود را روی صفحه‌نمایش رایانه می‌نویسند و هیچوقت مجبور نیستم به مدادتراش نزدیک شوند,امروزه مردم پیام‌های خود را روی صفحه‌نمایش رایانه می‌نویسند و هیچوقت مجبور نیستند به مدادتراش نزدیک شوند,0.22727272727272727,0.18181818181818182,امروزه مردم پیام‌های خود را روی صفحه‌نمایش رایانه می‌نویسند و هیچوقت مجبور نیستند به مدادتراش نزدیک شوند,0.18181818181818182,True,False,False,False,True,True
1882,13198305545364751328.wav,development,به ویژه,بویژه,دانشمندان امیدوارند که به چگونگی تشکیل سیارات پی ببرند به ویژه اینکه پس از برخورد ستاره‌های دنباله‌دار در زمان‌های دور زمین چگونه شکل‌گرفته است,دانشمندان امیدوارند که به چگونگی تشکیل سیارات پی ببرند بویژه اینکه پس از برخورد ستاره‌های دنباله‌دار در زمان‌های دور زمین چگونه شکل‌گرفته است,0.07407407407407407,0.0,دانشمندان امیدوارند که به چگونگی تشکیل سیارات پی ببرند بویژه اینکه پس از برخورد ستاره‌های دنباله‌دار در زمان‌های دور زمین چگونه شکل‌گرفته است,0.0,True,False,False,False,True,True
1882,691841571715045702.wav,development,این‌که,اینکه,دانشمندان امیدوارند که به چگونگی تشکیل سیارات پی ببرند به ویژه این‌که پس از برخورد ستاره‌های دنباله‌دار در زمان‌های دور زمین چگونه شکل‌گرفته است,دانشمندان امیدوارند که به چگونگی تشکیل سیارات پی ببرند به ویژه اینکه پس از برخورد ستاره‌های دنباله‌دار در زمان‌های دور زمین چگونه شکل‌گرفته است,0.14814814814814814,0.07407407407407407,دانشمندان امیدوارند که به چگونگی تشکیل سیارات پی ببرند به ویژه این‌که پس از برخورد ستاره‌های دنباله‌دار در زمان‌های دور زمین چگونه شکل‌گرفته است,0.14814814814814814,False,False,False,False,True,True
1805,3350712899939456756.wav,development,داروک‌ها,داروکها,اتوبوس اسکات را به چهارصد و سه به طور مرتب سرویس رفت به سینترا دارد و در کابو داروک‌ها توقف می‌کند,اتوبوس اسکات را به چهارصد و سه به طور مرتب سرویس رفت به سینترا دارد و در کابو داروکها توقف می‌کند,0.6875,0.625,اتوبوس اسکات را به چهارصد و سه به طور مرتب سرویس رفت به سینترا دارد و در کابو داروک‌ها توقف می‌کند,0.6875,False,False,False,False,False,False
1801,15362397501726595542.wav,development,آبهای,آب‌های,جلوی ساختمان‌هایی که خط افق هنگ‌کنگ را تشکیل می‌دهند همانند یک نمودار میله‌ای درخشان است که با حضور در کنار آبهای بندر ویکتوریا آشکار می‌شوند,جلوی ساختمان‌هایی که خط افق هنگ‌کنگ را تشکیل می‌دهند همانند یک نمودار میله‌ای درخشان است که با حضور در کنار آب‌های بندر ویکتوریا آشکار می‌شوند,0.16666666666666666,0.1,جلوی ساختمان‌هایی که خط افق هنگ‌کنگ را تشکیل می‌دهند همانند یک نمودار میله‌ای درخشان است که با حضور در کنار آبهای بندر ویکتوریا آشکار می‌شوند,0.16666666666666666,False,False,False,False,True,True
1996,2308476417147922484.wav,held_out,گلی,گورلی,میچل گلی استرالیایی در رقابت‌های اسکی مارپیچ سرعت نشسته مردان به مقام یازدهم رسید اردوی چی لینک رقیب چک او در رقابت‌های اسکی مارپیچ سرعت نشسته مردان در مکان شانزدهم قرار گرفت,میچل گورلی استرالیایی در رقابت‌های اسکی مارپیچ سرعت نشسته مردان به مقام یازدهم رسید اردوی چی لینک رقیب چک او در رقابت‌های اسکی مارپیچ سرعت نشسته مردان در مکان شانزدهم قرار گرفت,0.12121212121212122,0.09090909090909091,میچل گورلی استرالیایی در رقابت‌های اسکی مارپیچ سرعت نشسته مردان به مقام یازدهم رسید اردوی چی لینک رقیب چک او در رقابت‌های اسکی مارپیچ سرعت نشسته مردان در مکان شانزدهم قرار گرفت,0.09090909090909091,True,False,False,False,True,True
1910,14543209681739934707.wav,development,خودبسندی,خودپسندی,پاریسی‌ها به خودبسندی بی ادبی و تکبر شهره هستند,پاریسی‌ها به خودپسندی بی ادبی و تکبر شهره هستند,0.1,0.0,پاریسی‌ها به خودپسندی بی ادبی و تکبر شهره هستند,0.0,True,False,False,False,False,True
1943,12043442467340553688.wav,development,هرچی,هرچه,هرچی تنش کمتر باشد هدیه‌ی نیروی زندگی مثبت‌تر است هر شخص توانایی این را دارد که صلح و رضایت مطلق را پیدا کند,هرچه تنش کمتر باشد هدیه‌ی نیروی زندگی مثبت‌تر است هر شخص توانایی این را دارد که صلح و رضایت مطلق را پیدا کند,0.08333333333333333,0.041666666666666664,هرچه تنش کمتر باشد هدیه‌ی نیروی زندگی مثبت‌تر است هر شخص توانایی این را دارد که صلح و رضایت مطلق را پیدا کند,0.041666666666666664,True,False,False,False,True,True
1782,10412172119370741351.wav,held_out,معروفترین,معروف‌ترین,همچنین بین هر سه ساله یک عصر ناپایدار وجود داشت که استان‌ها تقسیم می‌شدند معروفترین دوره دوران سه پادشاهی بود که به مدت شصت سال بین سلسله هان و جین اتفاق افتاد,همچنین بین هر سه ساله یک عصر ناپایدار وجود داشت که استان‌ها تقسیم می‌شدند معروف‌ترین دوره دوران سه پادشاهی بود که به مدت شصت سال بین سلسله هان و جین اتفاق افتاد,0.21212121212121213,0.15151515151515152,همچنین بین هر سه ساله یک عصر ناپایدار وجود داشت که استان‌ها تقسیم می‌شدند معروفترین دوره دوران سه پادشاهی بود که به مدت شصت سال بین سلسله هان و جین اتفاق افتاد,0.21212121212121213,False,False,False,False,False,False
1782,16354068172302848673.wav,held_out,معروفترین,معروف‌ترین,همچنین بین هر سه ضلع یک عصر ناپایدار وجود داشت که استان‌ها تقسیم می‌شدند معروفترین دوره دوران سه پادشاهی بود که به مدت شصت سال بین سلسله هان و جین اتفاق افتاد,همچنین بین هر سه ضلع یک عصر ناپایدار وجود داشت که استان‌ها تقسیم می‌شدند معروف‌ترین دوره دوران سه پادشاهی بود که به مدت شصت سال بین سلسله هان و جین اتفاق افتاد,0.21212121212121213,0.15151515151515152,همچنین بین هر سه ضلع یک عصر ناپایدار وجود داشت که استان‌ها تقسیم می‌شدند معروفترین دوره دوران سه پادشاهی بود که به مدت شصت سال بین سلسله هان و جین اتفاق افتاد,0.21212121212121213,False,False,False,False,False,False
1681,8661206022370902990.wav,development,ازبین,از بین,بااین‌حال این مورد به تنهایی نیست آزمایش و یک تجربه است که برای ازبین بردن یک یا چند فرضیه احتمالی پرسیدن سوال‌ها و ایجاد مشاهدات و نیز هدایت تحقیقات علمی لازم است,بااین‌حال این مورد به تنهایی نیست آزمایش و یک تجربه است که برای از بین بردن یک یا چند فرضیه احتمالی پرسیدن سوال‌ها و ایجاد مشاهدات و نیز هدایت تحقیقات علمی لازم است,0.1388888888888889,0.08333333333333333,بااین‌حال این مورد به تنهایی نیست آزمایش و یک تجربه است که برای از بین بردن یک یا چند فرضیه احتمالی پرسیدن سوال‌ها و ایجاد مشاهدات و نیز هدایت تحقیقات علمی لازم است,0.08333333333333333,True,False,False,False,True,True
1681,5841981989931146233.wav,development,ازبین,از بین,با این حال این مورد به تنهایی نیست آزمایش و یک تجربه است که برای ازبین بردن یک چند فرضیه احتمالی پرسیدن سوال‌ها و ایجاد مشاهدات و نیز هدایت تحقیقات علمی لازم است,با این حال این مورد به تنهایی نیست آزمایش و یک تجربه است که برای از بین بردن یک چند فرضیه احتمالی پرسیدن سوال‌ها و ایجاد مشاهدات و نیز هدایت تحقیقات علمی لازم است,0.1111111111111111,0.05555555555555555,با این حال این مورد به تنهایی نیست آزمایش و یک تجربه است که برای از بین بردن یک چند فرضیه احتمالی پرسیدن سوال‌ها و ایجاد مشاهدات و نیز هدایت تحقیقات علمی لازم است,0.05555555555555555,True,False,False,False,True,True
1934,4372685796345581767.wav,held_out,بشنویم,بشنوید,معمولا شما می‌توانید صدای گردشگران و فروشندگان را بشنویم داستان صدا و نور درست مثل یک کتاب داستان است,معمولا شما می‌توانید صدای گردشگران و فروشندگان را بشنوید داستان صدا و نور درست مثل یک کتاب داستان است,0.09523809523809523,0.047619047619047616,معمولا شما می‌توانید صدای گردشگران و فروشندگان را بشنوید داستان صدا و نور درست مثل یک کتاب داستان است,0.047619047619047616,True,False,False,False,True,True
1919,1125267021137140498.wav,development,یافته,یافت,این شهر نیز پایگاهی برای بالا رفتن از آتشفشان نیراگونگو است که در طول آن ارزان‌ترین مسیر‌های یافته گوریل کوهی در آفریقا وجود دارد,این شهر نیز پایگاهی برای بالا رفتن از آتشفشان نیراگونگو است که در طول آن ارزان‌ترین مسیر‌های یافت گوریل کوهی در آفریقا وجود دارد,0.28,0.24,این شهر نیز پایگاهی برای بالا رفتن از آتشفشان نیراگونگو است که در طول آن ارزان‌ترین مسیر‌های یافت گوریل کوهی در آفریقا وجود دارد,0.24,True,False,False,False,True,True
1803,8835682364379165175.wav,development,می‌دهند,می‌دهد,رطوبت روی دستانتان با لایه‌های بیرونی واکنش نشان می‌دهد که حس جالبی دارد و یک مثلث تشکیل می‌دهند,رطوبت روی دستانتان با لایه‌های بیرونی واکنش نشان می‌دهد که حس جالبی دارد و یک مثلث تشکیل می‌دهد,0.13636363636363635,0.09090909090909091,رطوبت روی دستانتان با لایه‌های بیرونی واکنش نشان می‌دهد که حس جالبی دارد و یک مثلث تشکیل می‌دهد,0.09090909090909091,True,False,False,False,False,False
1701,7549043820023020229.wav,development,بنظر,به نظر,بنظر می‌رسد که بذرها ابتدا حدود ده هزار سال پیش در کوه‌های زاگرس ایران اهلی‌شده باشند,به نظر می‌رسد که بذرها ابتدا حدود ده هزار سال پیش در کوه‌های زاگرس ایران اهلی‌شده باشند,0.25,0.15,به نظر می‌رسد که بذرها ابتدا حدود ده هزار سال پیش در کوه‌های زاگرس ایران اهلی‌شده باشند,0.15,True,False,False,False,False,False
1744,15772006435517012370.wav,held_out,هرچه,هر چه,هرچه عدد روسپی کوچکتر باشد ستاره از نظر وارونگی مغناطیسی فعالیت کمتری دارد,هر چه عدد روسپی کوچکتر باشد ستاره از نظر وارونگی مغناطیسی فعالیت کمتری دارد,0.21428571428571427,0.07142857142857142,هر چه عدد روسپی کوچکتر باشد ستاره از نظر وارونگی مغناطیسی فعالیت کمتری دارد,0.07142857142857142,True,False,False,False,True,True
1938,15484903087141104859.wav,development,ازجمله,از جمله,این بیمارستان از پروتکلی برای کنترل عفونت استفاده کرده است ازجمله جدا کردن بیمار از سایرین برای جلوگیری از احتمال عفونت سایرین,این بیمارستان از پروتکلی برای کنترل عفونت استفاده کرده است از جمله جدا کردن بیمار از سایرین برای جلوگیری از احتمال عفونت سایرین,0.08695652173913043,0.0,این بیمارستان از پروتکلی برای کنترل عفونت استفاده کرده است از جمله جدا کردن بیمار از سایرین برای جلوگیری از احتمال عفونت سایرین,0.0,True,False,False,False,True,True
1938,5702963024179129727.wav,development,سایر,سایرین,این بیمارستان از پروتکلی برای کنترل عفونت استفاده کرده است ازجمله جدا کردن بیمار از سایرین برای جلوگیری از عفونت برای جلوگیری از احتمال عفونت سایر,این بیمارستان از پروتکلی برای کنترل عفونت استفاده کرده است ازجمله جدا کردن بیمار از سایرین برای جلوگیری از عفونت برای جلوگیری از احتمال عفونت سایرین,0.30434782608695654,0.2608695652173913,این بیمارستان از پروتکلی برای کنترل عفونت استفاده کرده است ازجمله جدا کردن بیمار از سایرین برای جلوگیری از عفونت برای جلوگیری از احتمال عفونت سایرین,0.2608695652173913,True,False,False,False,True,True
1967,1464718351420382877.wav,held_out,لیکن,لیتون,لیکن طی جلسه‌ای که با نخست‌وزیر داشت خواستار تغییراتی در لایحه زیست‌محیطی شد و بازنویسی تمام و کمال لایحه زیست‌محیطی حزب محافظه‌کار را درخواست کرد,لیتون طی جلسه‌ای که با نخست‌وزیر داشت خواستار تغییراتی در لایحه زیست‌محیطی شد و بازنویسی تمام و کمال لایحه زیست‌محیطی حزب محافظه‌کار را درخواست کرد,0.03333333333333333,0.0,لیتون طی جلسه‌ای که با نخست‌وزیر داشت خواستار تغییراتی در لایحه زیست‌محیطی شد و بازنویسی تمام و کمال لایحه زیست‌محیطی حزب محافظه‌کار را درخواست کرد,0.0,True,False,False,False,True,True
1723,16170780086813529156.wav,held_out,زمانیکه,زمانی که,این بندر به خاطر توقف حمله ناوگان در سال یک هزار و هشتصد و هشتاد و نه شهرت دارد یعنی زمانیکه هفت کشتی آلمان ایالات‌متحده و بریتانیا بندر را ترک نکردند,این بندر به خاطر توقف حمله ناوگان در سال یک هزار و هشتصد و هشتاد و نه شهرت دارد یعنی زمانی که هفت کشتی آلمان ایالات‌متحده و بریتانیا بندر را ترک نکردند,0.48,0.4,این بندر به خاطر توقف حمله ناوگان در سال یک هزار و هشتصد و هشتاد و نه شهرت دارد یعنی زمانی که هفت کشتی آلمان ایالات‌متحده و بریتانیا بندر را ترک نکردند,0.4,True,False,False,False,False,False
1765,1365137394470698651.wav,development,تاسیس,تأسیس,پاراگوئه زمان تاسیس آسانسیون در سال یک هزار و پانصد و سی و هفت توانسته است بسیاری از خصوصیات و شخصیت‌های بومی خود را حفظ کند,پاراگوئه زمان تأسیس آسانسیون در سال یک هزار و پانصد و سی و هفت توانسته است بسیاری از خصوصیات و شخصیت‌های بومی خود را حفظ کند,0.47619047619047616,0.42857142857142855,پاراگوئه زمان تاسیس آسانسیون در سال یک هزار و پانصد و سی و هفت توانسته است بسیاری از خصوصیات و شخصیت‌های بومی خود را حفظ کند,0.47619047619047616,False,False,False,False,False,False
1779,11531964156691202338.wav,development,رئیس‌جمهوری,رئیس‌جمهور,این اعلامیه پس از مکالمه تلفنی ترامپ با رئیس‌جمهوری ترکیه رجب طیب اردوغان منفجر شد,این اعلامیه پس از مکالمه تلفنی ترامپ با رئیس‌جمهور ترکیه رجب طیب اردوغان منفجر شد,0.125,0.0625,این اعلامیه پس از مکالمه تلفنی ترامپ با رئیس‌جمهور ترکیه رجب طیب اردوغان منفجر شد,0.0625,True,False,False,False,True,True
1834,14704184400496651007.wav,held_out,هم,حرم,همچنین در شمال از بسته بزرگ بانو فاطمه هم بازدید کنید مکانی که در سراسر جهان به تجلی مریم معروف است,همچنین در شمال از بسته بزرگ بانو فاطمه حرم بازدید کنید مکانی که در سراسر جهان به تجلی مریم معروف است,0.09523809523809523,0.047619047619047616,همچنین در شمال از بسته بزرگ بانو فاطمه حرم بازدید کنید مکانی که در سراسر جهان به تجلی مریم معروف است,0.047619047619047616,True,False,False,False,True,True
1740,3707292959405981894.wav,development,جالبترین,جالب‌ترین,صدای حرام و نمایش نور یکی از جالبترین چیزها برای کودکان در این ناحیه است,صدای حرام و نمایش نور یکی از جالب‌ترین چیزها برای کودکان در این ناحیه است,0.1875,0.0625,صدای حرام و نمایش نور یکی از جالبترین چیزها برای کودکان در این ناحیه است,0.1875,False,False,False,False,False,False
1797,16729181819163395924.wav,development,حمل و نقل,حمل‌ونقل,همه در جامعه مشارکت می‌کند و از سیستم‌های حمل و نقل استفاده می‌کند تقریبا همه از سیستم حمل و نقل شکایت دارند,همه در جامعه مشارکت می‌کند و از سیستم‌های حمل‌ونقل استفاده می‌کند تقریبا همه از سیستم حمل و نقل شکایت دارند,0.17391304347826086,0.08695652173913043,همه در جامعه مشارکت می‌کند و از سیستم‌های حمل و نقل استفاده می‌کند تقریبا همه از سیستم حمل و نقل شکایت دارند,0.17391304347826086,False,False,False,False,False,False
1911,17916141927931852390.wav,development,می‌کند,می‌کنید,به همین ترتیب با داشتن ویزای شینگن دیگر نیازی به درخواست ویزا برای هر یک از کشورهای عضو شینگن به طور جداگانه نیست از این رو در وقت پول و کاغذبازی صرفه‌جویی می‌کند,به همین ترتیب با داشتن ویزای شینگن دیگر نیازی به درخواست ویزا برای هر یک از کشورهای عضو شینگن به طور جداگانه نیست از این رو در وقت پول و کاغذبازی صرفه‌جویی می‌کنید,0.08333333333333333,0.05555555555555555,به همین ترتیب با داشتن ویزای شینگن دیگر نیازی به درخواست ویزا برای هر یک از کشورهای عضو شینگن به طور جداگانه نیست از این رو در وقت پول و کاغذبازی صرفه‌جویی می‌کنید,0.05555555555555555,True,False,False,False,True,True
1950,9264911726470596142.wav,development,شعر,شهر,در شمال در منطقه‌ای که دسترسی به آن آسان است شعر عاشقانه و جذاب سینترا واقع‌شده است که پس از آنکه توسط لرد بایرون با شکوه و جلال به‌صورت پر زرق و برق ثبت شد برای خارجی‌ها مشهور شد,در شمال در منطقه‌ای که دسترسی به آن آسان است شهر عاشقانه و جذاب سینترا واقع‌شده است که پس از آنکه توسط لرد بایرون با شکوه و جلال به‌صورت پر زرق و برق ثبت شد برای خارجی‌ها مشهور شد,0.045454545454545456,0.022727272727272728,در شمال در منطقه‌ای که دسترسی به آن آسان است شهر عاشقانه و جذاب سینترا واقع‌شده است که پس از آنکه توسط لرد بایرون با شکوه و جلال به‌صورت پر زرق و برق ثبت شد برای خارجی‌ها مشهور شد,0.022727272727272728,True,False,False,False,True,True
1881,6086291627032995486.wav,development,بدی,بعدی,اشتراک‌گذاری یک گردش علمی نیز یک روش عالی برای منعکس نمودن در سفر و به اشتراک گذاشتن تجربیات با با کلاس‌های بدی است,اشتراک‌گذاری یک گردش علمی نیز یک روش عالی برای منعکس نمودن در سفر و به اشتراک گذاشتن تجربیات با با کلاس‌های بعدی است,0.08333333333333333,0.041666666666666664,اشتراک‌گذاری یک گردش علمی نیز یک روش عالی برای منعکس نمودن در سفر و به اشتراک گذاشتن تجربیات با با کلاس‌های بعدی است,0.041666666666666664,True,False,False,False,False,False
1881,5929350716132512116.wav,development,بدی,بعدی,اشتراک‌گذاری گردش علمی نیز یک روش عالی برای منعکس نمودن در سفر و به اشتراک گذاشتن تجربیات با کلاس‌های بدی است,اشتراک‌گذاری گردش علمی نیز یک روش عالی برای منعکس نمودن در سفر و به اشتراک گذاشتن تجربیات با کلاس‌های بعدی است,0.08333333333333333,0.041666666666666664,اشتراک‌گذاری گردش علمی نیز یک روش عالی برای منعکس نمودن در سفر و به اشتراک گذاشتن تجربیات با کلاس‌های بعدی است,0.041666666666666664,True,False,False,False,False,True
1662,12065679067151099292.wav,held_out,به یاد,بیاد,آلیاژها اساسا ترکیبی از دو یا چند فلز می‌باشند به یاد داشته باشید که عناصر بسیاری در جدول تناوبی وجود دارد,آلیاژها اساسا ترکیبی از دو یا چند فلز می‌باشند بیاد داشته باشید که عناصر بسیاری در جدول تناوبی وجود دارد,0.14285714285714285,0.047619047619047616,آلیاژها اساسا ترکیبی از دو یا چند فلز می‌باشند بیاد داشته باشید که عناصر بسیاری در جدول تناوبی وجود دارد,0.047619047619047616,True,False,False,False,True,True
1889,17505508067160017308.wav,development,حمل‌ونقل,حمل و نقل,چرخ برای ما قطار ماشین و بسیاری از وسایل حمل‌ونقل دیگر را به ارمغان آورده است,چرخ برای ما قطار ماشین و بسیاری از وسایل حمل و نقل دیگر را به ارمغان آورده است,0.1111111111111111,0.0,چرخ برای ما قطار ماشین و بسیاری از وسایل حمل و نقل دیگر را به ارمغان آورده است,0.0,True,False,False,False,False,True
1935,17962426350011437095.wav,held_out,صنعت,سند,بااین‌حال چنان چیزی درست نیست بااینکه چیزی پشت صنعت نوشته‌شده است این سند نقشه گنج نیست,بااین‌حال چنان چیزی درست نیست بااینکه چیزی پشت سند نوشته‌شده است این سند نقشه گنج نیست,0.25,0.2,بااین‌حال چنان چیزی درست نیست بااینکه چیزی پشت سند نوشته‌شده است این سند نقشه گنج نیست,0.2,True,False,False,False,True,True
1673,5009982406857898818.wav,held_out,مولفه,مؤلفه,در خلال جنگ انقلابی نخست سیزده ایالت تحت اصول کنفدراسیون یک دولت مرکزی ضعیف را تشکیل دادند که کنگره کنگره تنها مولفه آن بود,در خلال جنگ انقلابی نخست سیزده ایالت تحت اصول کنفدراسیون یک دولت مرکزی ضعیف را تشکیل دادند که کنگره کنگره تنها مؤلفه آن بود,0.08695652173913043,0.043478260869565216,در خلال جنگ انقلابی نخست سیزده ایالت تحت اصول کنفدراسیون یک دولت مرکزی ضعیف را تشکیل دادند که کنگره کنگره تنها مؤلفه آن بود,0.043478260869565216,True,False,False,False,True,True
1673,7215621899536317873.wav,held_out,مولفه,مؤلفه,در خلال جنگ انقلابی نخست سیزده ایالت تحت اصول کنفدراسیون یک دولت مرکزی ضعیف را تشکیل دادند که کنگره تنها مولفه آن بود,در خلال جنگ انقلابی نخست سیزده ایالت تحت اصول کنفدراسیون یک دولت مرکزی ضعیف را تشکیل دادند که کنگره تنها مؤلفه آن بود,0.043478260869565216,0.0,در خلال جنگ انقلابی نخست سیزده ایالت تحت اصول کنفدراسیون یک دولت مرکزی ضعیف را تشکیل دادند که کنگره تنها مؤلفه آن بود,0.0,True,False,False,False,True,True
1810,11983755927443187032.wav,development,ویدئویی,ویدیویی,حکمران کالیفرنیا آرنولد شوارتزنگر لایحه‌ای به قانون افزود که فروش و اجاره بازی‌های ویدئویی خشن به افراد کم سن و سال ممنوع شود,حکمران کالیفرنیا آرنولد شوارتزنگر لایحه‌ای به قانون افزود که فروش و اجاره بازی‌های ویدیویی خشن به افراد کم سن و سال ممنوع شود,0.04,0.0,حکمران کالیفرنیا آرنولد شوارتزنگر لایحه‌ای به قانون افزود که فروش و اجاره بازی‌های ویدیویی خشن به افراد کم سن و سال ممنوع شود,0.0,True,False,False,False,False,True
1814,3400691118194229067.wav,development,اتمهای,اتم‌های,یون‌های هیدروژن پروتئین‌هایی هستند که الکترون از آنها گرفته‌شده است زیرا اتمهای هیدروژن فقط از یک پروتون و یک الکترون تشکیل می‌شوند,یون‌های هیدروژن پروتئین‌هایی هستند که الکترون از آنها گرفته‌شده است زیرا اتم‌های هیدروژن فقط از یک پروتون و یک الکترون تشکیل می‌شوند,0.1111111111111111,0.037037037037037035,یون‌های هیدروژن پروتئین‌هایی هستند که الکترون از آنها گرفته‌شده است زیرا اتمهای هیدروژن فقط از یک پروتون و یک الکترون تشکیل می‌شوند,0.1111111111111111,False,False,False,False,False,False
1959,6514279094143182740.wav,development,بااین‌حال,با این حال,بااین‌حال به نصیحت‌های مسئولین گوش دهید از علایم پیروی کنید و به هشدارهای ایمنی با دقت توجه کنید,با این حال به نصیحت‌های مسئولین گوش دهید از علایم پیروی کنید و به هشدارهای ایمنی با دقت توجه کنید,0.14285714285714285,0.047619047619047616,با این حال به نصیحت‌های مسئولین گوش دهید از علایم پیروی کنید و به هشدارهای ایمنی با دقت توجه کنید,0.047619047619047616,True,False,False,False,False,False
1959,5886023798121814602.wav,development,بااین‌حال,این حال,با بااین‌حال به نصیحت‌های مسئولین گوش دهید از علایم پیروی کنید و به هشدارهای ایمنی با دقت توجه کنید,با این حال به نصیحت‌های مسئولین گوش دهید از علایم پیروی کنید و به هشدارهای ایمنی با دقت توجه کنید,0.09523809523809523,0.047619047619047616,با این حال به نصیحت‌های مسئولین گوش دهید از علایم پیروی کنید و به هشدارهای ایمنی با دقت توجه کنید,0.047619047619047616,True,False,False,False,False,False
1904,1243409479069991493.wav,development,باشد,باشند,با این حال به دلیل کند بودن کانال‌های ارتباطی سبک‌ها در قبل ممکن است بیست و پنج تا سی سال عقب‌تر باشد,با این حال به دلیل کند بودن کانال‌های ارتباطی سبک‌ها در قبل ممکن است بیست و پنج تا سی سال عقب‌تر باشند,0.2608695652173913,0.21739130434782608,با این حال به دلیل کند بودن کانال‌های ارتباطی سبک‌ها در قبل ممکن است بیست و پنج تا سی سال عقب‌تر باشند,0.21739130434782608,True,False,False,False,False,False
1807,1938631029412892030.wav,held_out,درحالیکه,درحالی‌که,ایتالیایی همچنین یک‌زبان روزمره است که توسط اکثر کسانی که در این ایالت کار می‌کنند استفاده می‌شود درحالیکه در مراسم مذهبی اغلب از زبان لاتین استفاده می‌شود,ایتالیایی همچنین یک‌زبان روزمره است که توسط اکثر کسانی که در این ایالت کار می‌کنند استفاده می‌شود درحالی‌که در مراسم مذهبی اغلب از زبان لاتین استفاده می‌شود,0.12121212121212122,0.09090909090909091,ایتالیایی همچنین یک‌زبان روزمره است که توسط اکثر کسانی که در این ایالت کار می‌کنند استفاده می‌شود درحالیکه در مراسم مذهبی اغلب از زبان لاتین استفاده می‌شود,0.12121212121212122,False,False,False,False,True,True
1890,14932090129881386591.wav,development,به,با,اکثر تلسکوپ‌های تحقیقاتی مدرن تاسیسات بزرگ می‌باشد که در نواحی دوردست به شرایط جوی مطلوب قرار دارند,اکثر تلسکوپ‌های تحقیقاتی مدرن تاسیسات بزرگ می‌باشد که در نواحی دوردست با شرایط جوی مطلوب قرار دارند,0.21052631578947367,0.15789473684210525,اکثر تلسکوپ‌های تحقیقاتی مدرن تاسیسات بزرگ می‌باشد که در نواحی دوردست به شرایط جوی مطلوب قرار دارند,0.21052631578947367,False,False,False,False,False,False
1890,5225005650690197967.wav,development,دارم,دارند,اکثر تلسکوپ‌های تحقیقاتی مدرن تاسیسات بزرگ می‌باشند که در نواحی دوردست با شرایط جوی مطلوب قرار دارم,اکثر تلسکوپ‌های تحقیقاتی مدرن تاسیسات بزرگ می‌باشند که در نواحی دوردست با شرایط جوی مطلوب قرار دارند,0.15789473684210525,0.10526315789473684,اکثر تلسکوپ‌های تحقیقاتی مدرن تاسیسات بزرگ می‌باشند که در نواحی دوردست با شرایط جوی مطلوب قرار دارند,0.10526315789473684,True,False,False,False,True,True
1991,14268961157306875732.wav,development,گرفتم,گرفتند,در این دوره از تاریخ اروپا کلیسای کاتولیک ثروتمند و قدرتمند شده بودند تحت نظارت قرار گرفتم,در این دوره از تاریخ اروپا کلیسای کاتولیک ثروتمند و قدرتمند شده بودند تحت نظارت قرار گرفتند,0.1111111111111111,0.05555555555555555,در این دوره از تاریخ اروپا کلیسای کاتولیک ثروتمند و قدرتمند شده بودند تحت نظارت قرار گرفتند,0.05555555555555555,True,False,False,False,True,True
1833,8132249247444339159.wav,development,بوده‌اند,بودند,ارسطو فیلسوف فرضیه‌های بیان نمود مبنی بر اینکه همه چیز از ترکیب یک یا تعداد بیشتری از چهار عنصر ساخته‌شده است این عناصر خاک آب هوا و آتش بوده‌اند,ارسطو فیلسوف فرضیه‌های بیان نمود مبنی بر اینکه همه چیز از ترکیب یک یا تعداد بیشتری از چهار عنصر ساخته‌شده است این عناصر خاک آب هوا و آتش بودند,0.1935483870967742,0.12903225806451613,ارسطو فیلسوف فرضیه‌های بیان نمود مبنی بر اینکه همه چیز از ترکیب یک یا تعداد بیشتری از چهار عنصر ساخته‌شده است این عناصر خاک آب هوا و آتش بودند,0.12903225806451613,True,False,False,False,True,True
1742,1178198496718169869.wav,development,نامگذاری,نام‌گذاری,جزیره هنگ‌کنگ سبب نامگذاری سرزمین هنر گم‌شده است و مکانی است که بسیاری از گردشگران آن را به عنوان تمرکز اصلی گردشگری خود در نظر می‌گیرند,جزیره هنگ‌کنگ سبب نام‌گذاری سرزمین هنر گم‌شده است و مکانی است که بسیاری از گردشگران آن را به عنوان تمرکز اصلی گردشگری خود در نظر می‌گیرند,0.13333333333333333,0.06666666666666667,جزیره هنگ‌کنگ سبب نامگذاری سرزمین هنر گم‌شده است و مکانی است که بسیاری از گردشگران آن را به عنوان تمرکز اصلی گردشگری خود در نظر می‌گیرند,0.13333333333333333,False,False,False,False,True,True
1985,15071319670417049031.wav,held_out,محکمتری,محکم‏تری,این مرتبط است به آن اما معمولا شامل تور اسکی یا کوهنوردی به سبک آلپی نیست دومی در زمینهای شیب‌دار انجام می‌شود و به اسکی‌ها و چکمه‌های محکمتری احتیاج دارد,این مرتبط است به آن اما معمولا شامل تور اسکی یا کوهنوردی به سبک آلپی نیست دومی در زمینهای شیب‌دار انجام می‌شود و به اسکی‌ها و چکمه‌های محکم‏تری احتیاج دارد,0.1111111111111111,0.05555555555555555,این مرتبط است به آن اما معمولا شامل تور اسکی یا کوهنوردی به سبک آلپی نیست دومی در زمینهای شیب‌دار انجام می‌شود و به اسکی‌ها و چکمه‌های محکم‏تری احتیاج دارد,0.05555555555555555,True,False,False,False,False,False
1985,4898875127786570925.wav,held_out,محکمتری,محکم‏تری,این مرتبط است به آن اما معمولا شامل تور اسکی و کوهنوردی به سبک آلپی نیست دومی در زمین‌های شیب‌دار انجام می‌شود و به اسکی‌ها و چکمه‌های محکمتری احتیاج دارد,این مرتبط است به آن اما معمولا شامل تور اسکی و کوهنوردی به سبک آلپی نیست دومی در زمین‌های شیب‌دار انجام می‌شود و به اسکی‌ها و چکمه‌های محکم‏تری احتیاج دارد,0.08333333333333333,0.027777777777777776,این مرتبط است به آن اما معمولا شامل تور اسکی و کوهنوردی به سبک آلپی نیست دومی در زمین‌های شیب‌دار انجام می‌شود و به اسکی‌ها و چکمه‌های محکم‏تری احتیاج دارد,0.027777777777777776,True,False,False,False,True,True
2007,9993877676636918493.wav,held_out,آب‌بند‌های,آب‌بندهای,سپاه مهندسی ارتش ایالات‌متحده تخمین زده که شش اینچ باران می‌تواند از آب‌بند‌های از قبل آسیب‌دیده نفوذ کند,سپاه مهندسی ارتش ایالات‌متحده تخمین زده که شش اینچ باران می‌تواند از آب‌بندهای از قبل آسیب‌دیده نفوذ کند,0.13636363636363635,0.045454545454545456,سپاه مهندسی ارتش ایالات‌متحده تخمین زده که شش اینچ باران می‌تواند از آب‌بند‌های از قبل آسیب‌دیده نفوذ کند,0.13636363636363635,False,False,False,False,False,False
1763,9031783776814439323.wav,held_out,قرص,قوس,همانطور که ما نیروی کششی بر زمین اعمال می‌کند و سبب موج‌هایی می‌شود راه شیری نیز نیرویی بر کهکشان قرص وارد می‌کند,همانطور که ما نیروی کششی بر زمین اعمال می‌کند و سبب موج‌هایی می‌شود راه شیری نیز نیرویی بر کهکشان قوس وارد می‌کند,0.07692307692307693,0.038461538461538464,همانطور که ما نیروی کششی بر زمین اعمال می‌کند و سبب موج‌هایی می‌شود راه شیری نیز نیرویی بر کهکشان قوس وارد می‌کند,0.038461538461538464,True,False,False,False,False,True
1763,7559014170703850299.wav,held_out,قرص,قوس,همانطور که ماه نیروی کششی بر زمین اعمال می‌کند و سبب موج‌هایی می‌شود راه شیری نیز نیرویی بر کهکشان قرص وارد می‌کند,همانطور که ماه نیروی کششی بر زمین اعمال می‌کند و سبب موج‌هایی می‌شود راه شیری نیز نیرویی بر کهکشان قوس وارد می‌کند,0.038461538461538464,0.0,همانطور که ماه نیروی کششی بر زمین اعمال می‌کند و سبب موج‌هایی می‌شود راه شیری نیز نیرویی بر کهکشان قوس وارد می‌کند,0.0,True,False,False,False,False,True
1826,203808546095158088.wav,development,گیپسون,گیبسون,پس از وقوع تصادف گیپسون به بیمارستان منتقل شد ولی کمی پس از آن درگذشت,پس از وقوع تصادف گیبسون به بیمارستان منتقل شد ولی کمی پس از آن درگذشت,0.06666666666666667,0.0,پس از وقوع تصادف گیبسون به بیمارستان منتقل شد ولی کمی پس از آن درگذشت,0.0,True,False,False,False,True,True
1839,13576526523341959923.wav,held_out,همون,همان,به همون شکل که در مورد مسیر پیاده‌روی فکر می‌کنید به مسیر اسکی نیز فکر کنید,به همان شکل که در مورد مسیر پیاده‌روی فکر می‌کنید به مسیر اسکی نیز فکر کنید,0.05555555555555555,0.0,به همان شکل که در مورد مسیر پیاده‌روی فکر می‌کنید به مسیر اسکی نیز فکر کنید,0.0,True,False,False,False,True,True
1839,8587444221916057674.wav,held_out,شکلی,شکل,به همان شکلی که در مورد مسیر پیاده‌روی فکر می‌کنید به مسیر اسکی نیز فکر کنید,به همان شکل که در مورد مسیر پیاده‌روی فکر می‌کنید به مسیر اسکی نیز فکر کنید,0.05555555555555555,0.0,به همان شکل که در مورد مسیر پیاده‌روی فکر می‌کنید به مسیر اسکی نیز فکر کنید,0.0,True,False,False,False,True,True
